-- phpMyAdmin SQL Dump
-- version 4.5.1
-- http://www.phpmyadmin.net
--
-- Host: 127.0.0.1
-- Generation Time: Apr 07, 2019 at 09:15 AM
-- Server version: 10.1.13-MariaDB
-- PHP Version: 5.6.20

SET SQL_MODE = "NO_AUTO_VALUE_ON_ZERO";
SET time_zone = "+00:00";


/*!40101 SET @OLD_CHARACTER_SET_CLIENT=@@CHARACTER_SET_CLIENT */;
/*!40101 SET @OLD_CHARACTER_SET_RESULTS=@@CHARACTER_SET_RESULTS */;
/*!40101 SET @OLD_COLLATION_CONNECTION=@@COLLATION_CONNECTION */;
/*!40101 SET NAMES utf8mb4 */;

--
-- Database: `project_ujikom`
--

-- --------------------------------------------------------

--
-- Table structure for table `detail_pinjam`
--

CREATE TABLE `detail_pinjam` (
  `id_detail_pinjam` int(11) NOT NULL,
  `id_inventaris` int(11) NOT NULL,
  `jumlah_pinjam` float NOT NULL,
  `kode_peminjaman` varchar(10) NOT NULL
) ENGINE=InnoDB DEFAULT CHARSET=latin1;

--
-- Dumping data for table `detail_pinjam`
--

INSERT INTO `detail_pinjam` (`id_detail_pinjam`, `id_inventaris`, `jumlah_pinjam`, `kode_peminjaman`) VALUES
(1, 2, 1, 'PMJM0001'),
(2, 4, 1, 'PMJM0002'),
(3, 3, 1, 'PMJM0003'),
(4, 3, 1, 'PMJM0004'),
(5, 4, 1, 'PMJM0005');

-- --------------------------------------------------------

--
-- Table structure for table `home`
--

CREATE TABLE `home` (
  `id_home` int(11) NOT NULL,
  `penjelasan` text NOT NULL
) ENGINE=InnoDB DEFAULT CHARSET=latin1;

--
-- Dumping data for table `home`
--

INSERT INTO `home` (`id_home`, `penjelasan`) VALUES
(1, '<p style="text-align:center"><span style="font-size:36px"><span style="font-family:Arial,Helvetica,sans-serif"><strong>Inventaris Sarana &amp; Prasarana di SMKN 1 CIOMAS</strong></span></span></p>\r\n\r\n<p style="text-align:center"><img alt="" src="data:image/jpeg;base64,/9j/4AAQSkZJRgABAQAAAQABAAD/2wBDAAYEBAUEBAYFBQUGBgYHCQ4JCQgICRINDQoOFRIWFhUSFBQXGiEcFxgfGRQUHScdHyIjJSUlFhwpLCgkKyEkJST/2wBDAQYGBgkICREJCREkGBQYJCQkJCQkJCQkJCQkJCQkJCQkJCQkJCQkJCQkJCQkJCQkJCQkJCQkJCQkJCQkJCQkJCT/wgARCAGBAgEDASIAAhEBAxEB/8QAGwABAAIDAQEAAAAAAAAAAAAAAAQFAgMGAQf/xAAaAQEAAwEBAQAAAAAAAAAAAAAAAgMEAQUG/9oADAMBAAIQAxAAAAH6oAAAAAAAAAAAAAAAAAAAAAAAAAAAAAAAAAAAAAAAAAAAAAAeHrT52O9EzJCPg5LR83do5IAAAAAAAAAAAAAAAAAAAAAAAAAj0U6+gi8fMupsfa+ksrvKCNZWOouuG7nJpRZSvvFRe6oNebRacnqsq+gyeF3UXdsprjPp9EZgAAAAAAAAAAAAAAAAAAAHlZ2M6Bqo7ao2eFZrz3ee/bTbBqvodNblo66zhaMs7peX63J6EwZNarsOatq5yzznb/MoZFrQd5lYY10bvpOzgeu8/wBGwaN9VgOgAAAAAAAAAAAAAAAAMUOUMqC9ztq5r3qMnYtHv5y2q25+XZX0Wc2Vz+TVVxOgp9/l7ux4DrM+u4GLfzvN9VzXo+bhcRNV2HLOLJTjbdkeeeD9B4+Rl9S06OPzOPf2KFNqsDnQAAAAAAAAAAAAAAHnsCUHnnttGezXB5Jy1TdbsKZEy52DI7Gjrvuq3kpvY65kDPX50zyLvhPod3GqtHY8zpWUWsXDX2G2PsxnCXBkYxnnjss6dfPXlfH7zL6F866zNtvGOWTQDoAAAAAAAAAAAAAwc0RsctGXL3z0z4rtaucaXdrz9DxN+yuv8nqWuqTli9D5/wBRb5XZ+IyssdvlQd8ndC2pxtMZQrMbLVOqJrl4Ox/NuNmaFOj5x0XddCj07ew5i9h1Tv8AeZN/u7RnHu0RsAAAAAAAAAAAK2gz29j5zWUe9JB5250Z8ssctmT3LH2Ms8tecZOc6birI9NawZ9N2XuCFmbDw0U91ouz0kiPlpxbPfZMZxvZ+yFtJsstHY0uu6h6MlV5NrrKsdVvGlCD2XG7qd3fPPfP3vIm43SKK1rskNO2MvTV1tR/Idkosnr0T4AAPDCForvM12u+vjk/fy27krHn7SNycaOp+d6Hpqm09Ty9vvmVlb1pN+WPtkNuGWzlmfmPkZZeRqOcL33k6HRR9GqeX7TtdTnaVNuOTKhyI2zd8Xfm2bYUuFyUuHZx3KaHawd3lxPPcLaMq3qrrNvjap3LZtmiVUbdNPR66Kx83bP2UuzyvQuKvDCFlxNrKaULW1rpbs+RVWu3MGmsBhn88rn1uur6bBoo5EuhrnLrbCB3qZXTaL5WWyoQmbI7Vny0545Nc+Ptlzqzz05+55G/LT7dXt81jXIhc7Pkyst6bRnk7uZ2W09XsWnjenWyJnneYbcVdu2Ltc7Ii5apchwrGD6vkwNeM93V2HIdRg9LfwvbaOPnmXdxNOfkt+dfbHp9tHP+Y9+dutPJwr9UqJl0J1fLlHfY00/Zmsh6OUB89+g/OKba3vvn3d4Nc7k+mp6u8vaxtcpWVxytNx33PUvWWV7o9rtQrJu72uxvje30Zb42Xs+RKyj5UXyGr2i/5rK+gtVXz3Z23E3U79sLP0/K6K3rLH4/67ZlEs9OePhPg02Pcfc12TzycdEHzR9Z8lohyInmero6zn+g8L37ORqx2YvMvGezmqPt+d9rzMWMbwPe7TKrmTz64lRxfZfQJ3y+97zqOjoekuqltO7flCXOR5iw53yvSldpwvZRT42MOK4k0mE4dJhzHse38SDv7HVCut3XI6PonnY8Na3nymFn1GFRQu96iTQX/Yz9EcMsfc10Phu44Xfnzyiyvqvn+1uKS6+K+n9eeoDw998de4Z6Jw5jVQ+fYfLXGdPL8v1rDpOT6LwPautcWPblusouDmnm59R6GPdho1eZ6+/zn59tPXdBy23Nb2GXMXd+fdo91c7nZVEbrpB6mL5dT2lHh3WPRcVZVT6PPnOl4i2mG3Zk3w5UOuyO888/bn7hk5d7o25DH5f9MgO0NNb8npj0nUcR0nIWiBsrnc+69lU4Pzj6RQejj4Gf2uH0vgWcnQ+Q+mlxd2DmyLOx7yzFU8osmHZH5N47H6Xy+RtOu05J2+fKxMs+208dIhLo9UGzh2qhdlMd4bZ1tXi9DnMpucLMssMo9m2Vbdask2v9RatG3XGXSj2fO+W890vM4tbG11wnF7T539DqmGe7x74MMvBnhl1cbY26McIcuLzvOct1/L7KqrRIhez5kjfXT9dXaWVNGlknuC97LvdfDpx7Ddw+rJq673j5sLOm3c7v20dPGjx+051kKJk2T7yg6DyPQo+75K5zaO0veK63lUhH2X0ZeZa4dMfaLcocqElzWWvKjbs9w9Rsbiot50vNO1HR55nbzoh6/nfN+S+kc7m0Vk/zzNo4v6P83+hdjJzoZWe608qN/Oz8SMmeGZZ7o+zkfNGzRztbynW8ppr5+HZdV6XnV192m7ztfBYd95GfCY96c4DHv8Ovn0b6Polz5vp+lQZx4WTrnfQeRI1XNl52v5tH+s7c13x/oJdbVol7Mc8uu76vlOvszaJmlbTJieqpvfPa5oE6ByXO++qdkfKL7bV0OWGntMbp62P3k2TzHVWRvR6uADkOR+pfKMevme84eTF02+gtabc9FjshLZse1WeZeZOztmrPkdejbFd08hd8dtzxvpPzL6Jdn7LZBjVztsY9h1Fwn6qZx3nmPTs9w9lzOunwO8+b2lHZfUeP9FtKeX856szXGkc5x3K9Ry1vbDdryp033W8n1TP77o1dhL8hxi1HJe11hW95wujqItipl0NHPn1WH8+6dzsJUq+shzNpZL6QurAfAfv3wmudJo36ud+q1FlArs4+u7Svj2osYNVOHbW3zDyEvtUHgJdkLLnJNVop67n9FlqzaO34nrsOvs9mnzyPRkZxHeS4vjnXviufuWPveZQJ0A+XScMvrfD7PDiNPn399t4Gsi7Sog+VX9JHpbTFt6yxgW0IRI1tjOvVFy32QuXA0sJ/WcPjXfnWwt2FNnC8f2vMaq9fX8x1EZdtbw5mvKF1YADn+gcc9LthyPK9hxmDdlhv9puquW7nmdFFF0FL111HrpWPXQVfb8zzvJ65UH2fJvuy5fsqu3fkbHw/XmI+BKaMCUwy4y9x96ygzoLvyvVLj/V+Lq26p/a4UXJVK573gfqnh+tSc79Iqod43PoKbZnqbS00e15NReUf0Sifyag+5cti2/O/p/K9flvnT91hTPQsPd+Whl2aXAlwAAAADnvnf2WLRd8mseup8umvqLzyqz5z0fS9Dux8pM7CJmv57meq5eyFHJ1bfa8qb1nN9Jks8xm6PE9fbSdDp6wo+l1Ob5OndVZ7756ew5tRLnzvRYefW+FU28WdSqtkbDsrD6t8h7vx/R6OPX6a19xllG10WHJSbz1fOse307sGwIzAAAAAAAAAAAAxyAACJwP0mqlDg+U6TbpohzYdnKqGkao8xyxc7n7q9j3dno952Lpm+znGrpsW2VNjYVd0dV3SWlHYW3yyt5F3y7qMKPDodV1MO58hZr7Duddhk0BCwAAAAAAAAAAAAAAAACt4r6PqlD4tt7/k76ZflLcyq1YTNXYR/cvO8yz15ObctXjm3DX4Z12zme2XXnldb21wheaaZVzsxzzgWtl1OXRy3Yyfc94RmAAAAAAAAAAAAAAAAAAArLM58+pvrVZZDiovQxZVQNc/TZTExlY95G8k+uRMtVWlr31fVRu3aq2TbBc2U+mfHdb0G2q7TuISB0AAAAAAAAAAAAAAAAAAAAABjkIdF1KUOIx7jXKHDZd15yXzLd9HyOX96hztbPzRl56OgAAAAAAAAAAAAAAAAAAAAAAAAAAAAAAAAAAAAAAAAAAAAAAAAAAAAAAAAAAAAAAAAAAAAAAAAAAAAAAf/8QAMBAAAQQBAwIEBgMBAAMBAAAAAgABAwQFERITEBQVICEzBiIjMTI0JDBQQBZBcEL/2gAIAQEAAQUC/wDrzuzLlBcrJ7DM7SO7nLxs1gXbnBDKBf6zyCKK0zNJkQ1CZ7ENy7XpMObuWzonUs9Zq7TNalkrG9g4lBkN6iyMZk1gUxMX+hJOEbT5ICDxICHi7iJglGO1eeN+WujnhrV8JND3PU4xNmrkC3V7Ecl7eisHww5NpXivM5s+v+ZJKMTWDneMI45bVmKHSONp6sOGrgB0JQhigEGANxE/c2IIXOOhLy1ut272qkjMJAkC3HwlEf0MgieSBqVwq6E2Jv8AJsWdj7WaXJ5BpFiq1Ylayde1L31eCB81XaZ2YmtVQZuasNYJ8eAwhUtPWEAi6SSNFHeu05FDLTmatjW5LkQVGknpSKO/XtSHMFafFZduWxI8LRyb2/xXfROW5WqJ2LFvCBYVTDvVPgAIK+O5ZL0mskdcZRxM8k1a5W7qK7UcC4AWPKGKcDAuuZAzhpgxVdnE8ea2q1lylmOLYUsASjXl5VdqqkZSVJJ/DbAlq3+G76M77ujJk+uncWJ2d7rSS1zsnVxpbxFga3PaitzZaHj3b3PUXx08MsfTJke2H6dx20fYylgGQKx88Cmi5Rjke5HjcjwPLGE0f1cKqsxSxf4LvozlufrfvQ0w8aaZDmK8ET3YTiit1IFBfrQyvPuimu156cYUhTHUTvVdVtgTR5eqTRZOtNJkHFo5ezJTlWF+amns02Q26UU9mWvXfxCsoHhnjsOBRjk5mqY68VmGnLZxuQZ/8Ez3P1t3GrAEJ2ZQgEW4BNyEZ8gdaCRZDFjK4tNUe4xzRNTjXaRLtIlVrgFrswcu0YX4NyetG7RxtLS4I1wgigB2qNy1+MdKkkleWaI5JZoWZR6cdzdeixpTvWZ9f++U/LfffZAdrICaCPE09gKV9sYQSOU1ETHati2KuH8hw+bYtq0VdvI59tYnHjPGSRkE/LVu2q3LHx/XCEBH/vItrffynjYiL7Osl6RYyNwhWi2tqpQDk2raoh0mcPXjTxp41G2y04aPotFIG8I35qdSd6slmeWSSO/x1x2Wr/UX/wCvXpMWr+ZwEkVgvFI4Y7KZmFvJJAJvPLHVdr9VQXIJJ3uQiXeRLuo1zxKSeFlZMQledk9hPZJVrTvZexaZ3sXXUI3LElKucMfkhl5R/wCa7McAvkrHK1wnbmkcGtymWuv9Gh1lQDjp9NVqtVIxEz1oyGUAjlh05226swpmZaMpY2IA+eMo0QJxVgdGm0ctFLFqqOSOofSzP24RyDKG7t77zAyaUHWvSSRo2GcCRSGKawDrX+jeysWxgGvJITT2Rgjr23lieU2VuxBKJkLOMilsvpjh5S87KSCOZumq1XcRJp4yUlqGJocjNaklfWWF/r6/MLpnTdK/4uKMEQqQdWh+aotrkrNSR1VcnrTXYYJIb7nNZlPHS2Ntyp3col3TEhkhJcmi7yWaZ65E/pEFwSttDGYxC+3z6q3AU6iZwjuPpDWL6RiRvJSkdSY0yT462Iy47IKhG0EG4Uzt1aaJ5ejdNek0wQAR37g3cdENUa7IYGZUoGjgOkDuHy2P/wBimTdA+WdEyMUTKv6TP6Ni5uQOmRMZpQrnuqEdUWlFoik5oGdb9FyKCPbNudd0b2mmkZRmRpm0Py7mdcZo2MGCwBPPUexFHjSjAwcJj0BVZT5L8RWIALZGf5RixNKIiSrv8rVn71N01Wq1TxMUqylUpU1WZcEoFy5FlHLcYJI3Kfik3NGaYSTM69U8R8+qOxGKOxC6KeBNPWGxPYhikxMonb6XxnacYSY97R37oPBPXskTDWlddoTp6RqOrMKIXHrF6Du2KGVpg8liSaC7WzTOmkEmlhhlVg/DlUyw2FakY52Vf3ZC0Ry+v3Wi06QfbrqtVr0nsxVglznJJYJq7zZCE2LnnQQyMqBvNGwNpxguIFxxrjiXFEuKFcUCetW1KGNEAq2H03eGUqEtMpBMyX1FwMjpxGrGLgmr5Ct2zUZNslwDmiilkjAHck/3n6bm15BjCQmKvQ/X8l1h8RP0kqP/ABndZtzKLHcschNyHBCwFG2hWbEYIi531LgeSXZGcpTaKFO/pE77dVqvutCT66SxTSzVoX7idnltMOibpj22pibUTjNn0Wmq+Zn8hOidTeoRP9OpA9dUX0hE2IuP06ZiMyalGBDr0b7KwWjvIwMO3cZRipbrSDQ/V6u+iyvreVJ/4pupSUsjpmnXfPArF7uyg8KVaeiIi8bray41sNbJWW0l6MtyYmZMUa3xrfGt4LcKmMQAr0llt63qn99rSmNUWjjIADmBOe8uropE5KUvlj/FY/2tXX36zaOirRwLQtPXlIJDKGPiHL2ZGM7V0lpkTVOleN4sQyhDhj5G6y25ROzJyTKg/wDFmPaI2QQ24U1ms63VzT1KxosVTJFhKrosLojx2QBFDmhXJmI0GSugo8p6dw2070TKOdpX+ruAWcZmAetr2y0jLlXIqD6/0n6A9hc6OTVB+Llo2Pdmr8oIrUQiJbmVo9pTWDGTxGwyLKzp85cZBbuXCgo11FHACZgWoinmTm7pvu0grVXD22J31KInJqJfxpi1YRclwGnjNujOmmkFNcmZNkJE2RZBOxi8qI3dSv8AMB/xnJY+TdJ5bftS7eTZCggjdsd9v6J30he5Emuiu/dV7DzI/mGsDlRCM9nZBwDLFGL3a7K1OMshepaJw1VkuOXGyPJItVXJ3kFty2buh/jX9ZVk323dzKNVT0hOT1k+auDuE8G6eDjJWImjPyQeynUkZnIOoVpp9FhZNbA2hc+7Bj7uLk6W/avDvPtVHX9MX+J3ONNYJwsZB6xzW+GKlku9bra/W1WqYljdSnFwYBOIG5BdPC8i8N3I8Xox15I2Z+m1S0YpirUwrF0re64GckkgiKl/Cp76zPpkUxOLjedhCWSQxdwfnJDZ2t3UasSjIfkg9p0Sk9GtkpX1fETxV5wsVt++uRbYXNiF+lr2xx+p9iCeswtjW0UgyoQkeMoiN9piooyEOt39Oq4FLXfGrlxYo7EKOSw6dsi6aDJuhpZN1HjbzqPEoMVXZNRrijx1YlPR4h8lX3dxadJvbpe+s62mRWjuvso7UcZ/0we0nUitspW9ZPsxLco/vjlfnGGuOTFg8SZeJMiyDOhyckKgzdgrJZ660jZq668XuIcnadDdsOpr1kWnydnWXI2jGo/1GUn7UV+UFTuDMWorcy3Le63utetv9fyU/d6z+3Q99fEDaX1T9RmrO6OB9f6a/tJ0assp29ZBcmcDZeqiCRnx+orNk7jvNlymuYlzkuYlufXX1idM/qL6KF9VaROiJUvzZHVd5WWM/Z3bXaaPez8g7DRAwH1u/r+Sl+aklGPpY9vHe8viRtLipOzI3Z3J1yCAsYl/RB7bp0SsN6WPvY9BGY2VCM4l37MnyILvoV3tZd1Udc9Nc1JFJSRFUT9qgeLVhh1FqyieoytS1tJIzZyjmZqszGQeraJli/2SZpU1cWKLbCHMnciPrd/X6HJogk3Ko+iKYpBGOacFaLQcd+azOLnvy/8Ajt5Fjp8f0P7+rhC5mj+VVrTzQtZ+qJbx6we2ndO6m+04ui2EWDwoHIcEZybI3XDGuCNdvEu2iXaRLsIU+NgdPiYHXg0Ct4utDXgZnZm0GtjjnjHFuybHsy7CJ1mMZBRKElr0xf7P9F32ejtoQ/lW/CDR4+Jgaa6SHfK+N+/X4i9qI97SN84MZVhGcURC0kANFD4bF3sPt9YfbdOnUvqNolKOrfDu/sw1kbYa2EtpLR1ubd5NVf8A1YH0GuWp0P1wLaxludfEr/Sh6MsV+x/ReKEYZ7luohzkZIcrWNR26qgs1xhbL8xQwHZXhMy8LmVOsdfyWa0dqMDDkm92PIWIWDOGyiyscy5KyaEdQHYPWH8HToyYVYs6qe2+6zqz/DH6Vp9q3l30FiU7PbsuHRWBFn8t39fXR6L/AFqZiNZ54xQ2IzkXxL7cKZbtFiffd2Zc0aeyCex6QXms+S9T76Jvhqoyk+HKyyWMjpjxs6Zlhg+pQb6nnv6hfMyIvVcgVKVi7YNrBappDBBlbkaD4glZR5+uSjydSRRTR8c+SijWQy00EhXrBHWmGwEpBusBE4fDzRjWB3BuR1yuz9wa7klIZyH5bv6/rujGZnitN2p5asKLMwQy+NE6yto7wwOzoUfo+G9yZn5Ytz1sjWa0jijsBSrVq4dSLamBiZ18QfizIQWHBmalo7+fLhtyTt0P1xoxPI01fY5VQJWajRLRN0rWghB7kUivyRzw6fLXnKucojOEgvLS+Gv1v67vsdxJCXf2EduclFNKdi/KbWvmJ2xtl09GxEgyEkSjswzrD+5LWlkIK7AGlcVLfoRrvgYLnxJLBKfxHeNFlbsiwJEVJ316fEDIQT+j40HkjrwcIeexgqVmcfh/HAhxNEVmoxjj9WRO5rarcescg6J1RqRS1/DBTYoHXg4KeBq80vqQmQOM0lqvg2NoP67ns2PfTqk267cfdaH8oJHGaLF1pI5cTBpPhomeAZ6aexYVcXtXZrks8hUnBRwub54GjybJlhjGLHSWyQ+owAJseOqSIsJSJVMfFS/sz3pCxi/WYdY5YUbaLDtrVAiFmZf+rq7eeZExC9CDZHjfs9hmLuRZFMIF3MaKaMV3MKEmNvJc9qwP1k6xQ63CfcQ/kKrixVd+xpvnJ4lbpbzx1WvEN220A04954yrsG7gKV6Sb4PJlP8AD2QgWNpylSGghrgK00/vzcRy1niLYG7lTDuazHo0oeuLIgqc5M4FvF/xu/asRCitzKpNyNjVbjKSHjMCP0lOtY8V+fSnDk47lb2vJb9qV3kk453RBMsdDKEY46468PniTPooJBGudiNiilCyuNZUClvzyDSr6FPJjqO8v+eWtFOpsJESlxliJB8qKlNYQfC5yqp8P06iPG1zRYkGa1DLAAzx77EXZ2SHc1aDYGP9FNTGZxx7Apa/I/alu4jZRwzRFCDxh5MpLw1PELCfI2kd+0o55fC3IiW1CnydNhmuwQmOWZlPmJIwgsO6lkltnjaL6xRDCH/VtbXyzQ72ttGMlnGdzTILFVUp3nAhW3pq63muWRc0q7iZdzOp8nYAosvbeWTNWgkt5Ka4CdSfaz9OkzJhTMsfFz3JrLSSNKbqHF27ZXCqwPBzWXrV2rh/hXqI3I9ZcbPdlnjGvfEmZ2kFxWnl0TjuEItjdrE7S0NXLHyM81U4hcmZD9aXJS/ywCU0GPuGvCZ2UVGKpVjgpAjvyb5rD04adOSWSpUCqH+Jcox3Akxliidyq9YoLLIDGUXFO39Gq16WIq8ceOliml8Rl18QtEisS6UYO6sGYmc9nVq1WStHVwz6wVxgH/GONjV2CUBnxNaUPD7dZ4pHkZ2TitOuq1Wq1WqnsDANmyc6hDtcY2i36LSSyZUpeNsQzPFShrnDWJaf5UtGMyv4aWJRZOeJSWBkr15xshotq0WnkZlJip5ZYsG0p2q9WY2r4+NhtVSlkvQ1EJXsodPEDA0cQRN/mz46tYXgnbS2MVtlKJ2W1bVotEwOTlahF57jyIpnZVYTxdAa900OIvTKvi468cGFqxqOIIm/0dGdTVhmUtSQE4aLjZ0YbRxwa3eIdWjJRUtsXb5KV4qexOAktP8AX0Z1xAtrLYK2CtG/+x//xAAxEQACAQIFAwQBAwIHAAAAAAABAgADEQQQEiExEyJBFCAyUUAjUmEFcSQwM0JQYIH/2gAIAQMBAT8B/wCP1CaxNYmofltUCzqseJqt8p1bcRDcQi/MelbiCqVgxB8xXDcfjFrQsSIRtNI8zEYZiP04tF1Sw5mFVgN8qzEL28xKFR10vFSovZUiMyHeLUuL/iM1pzOmJUdRbaXYniHtXumM7W7TMFVuLZV3vUKSlimp7So/qBfyJSrW7W4mFbQdJO0vpgN9/wAFmtle25lbF+BKVbqCMmncQ4gERqtE8iUqtPVZRPXgbGVMTSZ9VpWNJW3WJWpqbgSr00Px5lPSydso4nfS0pP4/BLXN8qqll7csOApCTTKeDABDeZ6extKdCzCHDw4eVFuin/yFYvfSsfE6qaFXzK1BHYOMgf81aLMLiGjY2JmKXp7ZiVLRQOZeXlRL/ERap16SIGYwIYUPEcMPAiVbNYiPXKta0w1ZTzleJvLZaTCCPatERqY5jUVG8psqrtDUErJUqvqAnp3nRf6liDYwS8LR6+jmJXNVtKw03SoC33EO8Uwyol5WSVxezfcw+D2DXlap01vKb3G8w791oo3jUgRBRI8x1IEqLbNF1Qu68iatXG0TW2zQp22irtKNO6A3gFhaEbzEf6hmqXmoCVaatuYNK8GNgPswYADzBhbT00eibdsq/yJQomuLIvEpYd1XeVMOzDYz0dUHmUQRVCn7gpkGCoeIu4jjaVgNN86Saow2irBttDUAFozuR2SlqRNJE6wHIMqYtFlarrfUJRw7ONXiejMOAP3K2BYKWvCkrXHxmqpKZcnuybiVaoM/oPzaVVslhNLfeWwxNzAQeMuppHE16vErEWsIRbLYCcw2t3TQh4M6P0Z0n+5Z53T+86KeRDRUjbaLR0m98sUP0jOmfqPz7H4M9LP6WVpMdRlVrrtkXUcmYcB8QZoijutGpX8xqduTE0niPT1C+QO0DCOutbCHDPKKMr752hW8qG20V9pqyxtZUp/zGxDGa9QDLN5vk3BlPBlxcQYH+YuEA8mejTzeekpyjTSi2oRKymaRzlXTUYiaY3xOS8S31KRPn31ZW+UtcSgDrhw9/M9L/Mpa0FgYaj/AHHqVP3QVql/lNbfcwnxlNebysADNaxWBNpaLzm3OVT4HJXFpTAPcJR8zVNQ9tSOLtaIAosJeXlxNpoBhHUrdOegsdzPSrMOunbKsuradEQIBxknyyvH5iiVfgc6DbWiMFO8Dr9zSDB7KtVeLyibveHEEG09SfqU6+o2ztMOP8YP7ysgLm8AtxE+WT85Xy38QNV+4a7g2InUJMrVGDWENViLHNIYrKo3E0atxNTr5gxDR8XU/wBqxqjsO6W0mYQ986a/U6S/UFNRuB7KlxUJEOKqHcwYh5TeoDciCqr8R4f5hqIPM6qwNq4iKRyY4u0SVW1Nf3UfhLSssprdrRKX7o6ADaVOZhD+raXl5f2Vfmcl5nA2igt8hMatqe045gGraCUzDWURmubzUfelWwsYlVYxFoHCteDEL5lbFIBKjb3mEP6wljCLwrBkTYXhJJvkIldTDjKS8tK+Jp1U2liTeIukfgss52MM1GdRvudV/udep+6DFv8AcOKYixMG+Rg23MCgmcdqxEtufw2W8ZLwr7lUyobcQKx5jAtsJTp2iqB+KReFIyS0tLQIYFM0XgpjxAn5RQGdKCnaaJplv+o//8QANBEAAgIBAgQEBAQFBQAAAAAAAQIAAxEEEhATITEiMkFRBRQgQDNCUmEVI3GRoTA0UGCB/9oACAECAQE/Af8Aj9pm0zaZg/drWTOSB5oK8+Wckeoli7TiA4iWg94aQ3pDpvaMhXv9sBmKvWDzYELt6SrUejQPk5moI4VLluse1Vm4N4ljLv6R6ipx9oFzAdvac5u0rRuvWDai94PE+VlBYjxCaqv83Cgfy8x61fvAor7RlzL1Lr+4mN/9YRj7FRnhjJwImnVR1jVqItit0MGnwRNp946nHUz5RZXUVXGYgOO82Z7mIPQxjtbrLKlIysuTpu+xAwOFTBWyeFpOwtMx9SWIInNzHs6GC2CyKfEZmHo2YKjvJ9JU7ICDwP8AqvqFQ4MGoyMgTS2czr9FQzmMfThiI2PNGQbciEKJuEDDvFIM2giKoIzL6iR4eGPWPhe83CE+s5iwOp7H6W1LGJc3bMW9ydssDFusWuVWV1JtJnzVc+Yr94CGGRwxFTMTThhkGPUta5MDqy4EYRhB2itEaL6iPqSrYxK03t1jqoPSayshMiFotpBzOcD1xKyGP7zTtkY42MV7TlKfWbdvfrGKL1Wb/FkQtLrtrkYjNk5gM0n4QmJiBGbtKmfGBCrHviD4h7CHXn2h1hnzZ/aV6kZ8USXXLThnMt1VbN0lesVD1EX4hUehGJeVbTlx16TeMRqwBmN3iE56TSk7scbX2xjN3WEZ6wUljmLWinxZlu133Aw0k9iJXpHb2lFXLTbL9UtZ2+s+fn8WGMY/zKfiQdggXhQFY+ObKfeXLWB4OC94iT4z+GsRsvkzmV/p4Kx+T2ibSO/BaN3XM5O31mnO1sxWB7cAPFHigk+GHeO4nMHtOYsys3LBhu0V29DBeyE56x9RuGMcNAcWjM5tfvB9CeYTf+0+K1vYg2rAuDgzAgRj2EuymnEzGHgzA+Ir57CWB180ptKnA4EdY6ExG5bAmDV1zUWIyeHiYj7ZUuessrJbtNn7cPh1RazPpFRBCm1irQYnTHCvzCX/ABJam2kSz4tuGAsbVlu4E+af0InzdnvLbntXaRGQib2xjhRaK8y202HrK/OODd5n3l4HTH0nhSZpmwsWwZmpIi2p7TnJL1pfJ29ZVRUfyiJpqT+Qf2ny1X6R/aCtAO01vnlpBxiV5boJyXllTIMkzMPb6afOODIcywkeEzUek2ek2H6aYrBU3GWWFzkz/wA4ZMDmC8iK/L0/M/aH4p7D/M+eaXNv8XCt9hzDqXjWs3Q8G7TMxF7RjmUj+YOOoXrmWIWAxDW/tNxEP0UUt3xNSMVRdIpAOZ8kPeW6UIu7P0X/AOxP9JVayqAIxJOTPyccTaeC4z1h5HtBQjDKmclVHUyipGXJi0opyOLwRlZj0MD7ehmyt/SHSJ6SvQVd3aJTWp8MGD3muX+WZzX95zrPeG1yME/RS2agIdBWJ8nXHrqxhTDUyQd4D16Tk248pny7+sNWzq0sZW8oxKThJb1EoQqmD9V/nmZS8tbC5j3fpldjE9ZWfCJrvwTMGYMweImn/DWWRh4Y2M9TiFwvkafD3Bu8QmSx8IjnEIM1C5GINMzStNq7ZtH12VbjkR6n9omd0asuuI2lb0mn0dhMpQbcTXgco4gYYitiB+kPfgilmCiAEDAjZzChIxNRpXU9oNBcw6LNLpLaXy0LBFwIzZ+xVsTO3qsOe82ictfaclPafL1/ph09GPLK9LQuGA6wzPigZZY4bwrDYQvad/G8Zs/Zq2IlmOkyPT6sSisHqYdqjtFYL4mMsuzGYn7YPA0zMzMzC3pOZgQ2+8L5+6DYm+F8zdN3/Uv/xABEEAABAwEDCQQIBAQFBAMAAAABAAIRAxIhMQQQEyAiMkFRcTNhgZEUIzBCUGJykjRSgqFAQ1OxJKLB4fAFFXDRY3Pi/9oACAEBAAY/Av8Ay/irgVEX8luFSRcpWKucD8WvKm4DmUA19qeIwCNTJ6YqHCSbkX6cvfF1Np4rRNsZMw+/FogK3SeKr2XF3HPvOaeYViq8x/Up4t6haSpSZlFM/wA2nivVPt/Lg5WbW1+V1xV9yuPxDaICNisG98KywPyh/IYeKLqvozqvBhdcFpCckpvFwi9Clo6byMdHcp/7aZ+tNf6LDqt1gG+EWUskfRkXm1I1L2gqq6lkzGXc4teC01LJg57d5kwQmivkRLBxmSFayRja1Lre1Cz6upxY66fFWHXHkcVd8MlxhE09k8EKdav6RWxv3GL17tLGJj9gjo6Xo2T8423rSPpkD8oxRNCmGk8XHdC70G+adV90XNVT1pY35cU027fC1ETqBtmXOwXpFExU/utIwQRvs5LS5O6w/wDYqw5op1/y8+i0dZumpD7mq2KhyjJjj+an1QIvB+FNE2Q4wO9C3VDjwaU7I8n0r61oAhg4dVUcaT2uZILSZlFlWnX0TTstaqXpDMoY3EWxKpsLoD7rxeFfeFbAgDkjVNRzWv2ZhQK7vtR0dU1I4QgxkbPLO57sGiUy0+7gWiUSK1nhDuKblDbbJxBVtweW/LwQkVpGBATaRth3Bz7pRIyWq1470aFUWATsjkg+yS3iRwQ/5Pwhp9IrATIa24NTNFUNKMfmRsVHCcXjijTaLo81pcppsbdDaQ4BPtPHo9KDZ5nkn5dWqjSO3WRK9Z7pgHmrAeWHEEKjTMFrAt0Kw6mNvijZIuz3Ewn0XC+k6R0VpmyUG1KTj3ymU7FmgTBJUQohejZR2g3Hn3lODmqk55lxbeoqfhqmDv6bvhV1xT8mDIqNG28G7wWhfUfa3eqGS0BLKd7zzKGlZscpQa0QAhZjRBpd1TbAtl48lPNWhiFFJtkjhnDQDY4lN5VBZKjlmsosd2tH9xm7xgUaT/xDP8wXo9bd908kWVAHNdcQVZtGrkpwnGn/ALIOfE93wf1j3NLsLN5RtnKGDDYWjoNeycXFslDK3lwYNi2cZ6Jwp5bXbax2VpPTS44bbStJQir0Kqy+zFzu5fi2eS/FsX4umvUZaDxsN4o26jWEd6sNqN7r8UA+oKbe9D/GsBBmYQe+uG27xdivxP8AlXbn7UKwqvnA7OKaXW4eLQshXU6x8Ecpp0KxqUzujFab0Ql87bSYLU+gaPDZM4IUcqhr3DZP5k7J6z7Tahu+Bd2o535QjWq3udesArIaJKo5IyNHQxniVt0mO6hB9Gk2eIwR0TyzmAqIqWbb9owFuhboW6EwtHP+yJjig5txHFTUJce8rdCZaEmk4sW6FuhRZCdk7r3Ub2/SsFaYwubxgIZZSIcxzYfT5hXYG8FVKJAl2678rlaIcKtEQ5pTfSN8ceY+AWdX0eZDdp3ec9TKHe4Luq9JeZqVL8zjBPRaMtNrkrUbYF2oxHrqV6fMWxqMr8MHdEeWIRa2bXEIWCBbw5LZG0EKb9k8UON0SeXwCVOq6oC7SEzMqM1DJRi7bcjy4Z5i/MbERnYjqU/m2URnLUJ3qRslOdYDpQqOvjAcEKmUuFoibLReqVUW2gi1tD4DZ17wvRW0mGmN5xGC072U3TukclA1Zi/mvWMqjvAlfzftTGN0knmEW2atx5Lcq+S7Or5Ls63kg40a+yZ4I+pqPm+QV+EqfcvwjvvV2SDxctE6gymKnEc0RoKIX8sfpWj9JbT8F64h1Xi4cdXvBg/w7S3mgJFnor/7q22xHRAaQqfYZdlFSbe62e9UW8mjWhj7HfCh20fzHFFoVO7ijcMVgFgFgnDuTD8uoHjFhlB4weLWfR1ZdTJ+3OH2ZEgHuQe3Aof064j9QV5Vzxnkq4rs5HcVEweR9jisZJwVupUEHAK0b0HWSSto02Dqg0vN35Qrp8c0SUX8B7GHtDhq9ozzV1Rp8US6o3zVmlSAHM8Edq13qn9SPXVs/lcRqgcabrOa4SoFN09FTtiHWb0KdQkE34Kpptqg64zwTalOX5O/eCFSk4XbbXKJBW1TaVuFvQrZfU806icBxhCyhaeE0UbRjjCa12IEK8+wbZIEc01pxAU96CFkB3UoWGjzXaAHvBTodTdyhy2qT/C9Na/ZcbzK7Rixaf1LD9wt1y0VvbiYjXtvNyLWUxk9N3vO3lSGmaDSH3Z7/eRcCR3BM+pO66tQdHatWn+ds5ntMbJzhrWzZuJWjJsCpdenZPVfTrUyezmS0cVXySlLRv054qlWiJuOo584rEqwWHHehbxUF2Kjv1risFNgnooJs9VZDwo0gJVl1nvlCw9QXGFYab5TWk3gQuHivWaMHuWyZzFHKLV1mzGuKjryN3uzMdTpgxiuzKFgWiOS977UAW1HHiYVN1Oi8CRNyOw7FbhW6VulbpReGmLEKIUF7AfqXbU/NdvTVNwrS6YgDFOpltUkcgnaNj2ts32s5s1iGnkg8ucSL7ymV3ENl20VDb7N4T2sFpj33dy3Y6lX1GD91sm14K8DzV+paPBWhq1nUnEbXBRXbHzBAgyCtoX80HNqOg9ycLJBaicwzjpqH2BfVeGgJlPJWbxiXhF+UZUb91oCijko+rBDSVnmMF21X7k4OrPDmkhX1qk9V21T7l2tX7l2lT7it+p9xW9U+4rF/wBxXvfcVNi/vW43yWAUjEXoueHX8kX0NIC0wbToVzWfcv5a/lfatojwatEDHEOhUwXWtmJTqXA7SssMGUAHkQEJnqsZQzRxW0rYwIQ1akmE5U/pzMsNLja4J5qNc0EcUDOCm1wjHNfUaPFTS2wOS4ghNLXX3YotcG2OBzHNfqYFYJz6rH2ieSpbJ3lUc6TtXTqP6ygHkNcRMdykVBCxnouKIdrlN6J8mbRlOPIqIOMLHOHhuy0J1b3gY1RipdszzVz2K097QI8VYYLuZTdV8ZqfTPABPRTon+S2qNX7V66tVYPysbC2xVf9TlZo0mgdxVwcPFbxU2m+S90q4LatZ71uu81/M+5b1XzXaVV2tTyCnSuP6Qm2444DOeibUmzDbMQizSceSDZwC4omI1yhmP1asHBONFsWouU2HR0XcnC+JuR3rzKGiugKPWHuW68fpW3Md6lznA9yDAbhqOFrAqTjmYpxV9BqvpkLl4LeaVfTYV2DFc0t6FerrvavV5TPVXWXLaycnovWZM8Lb2eqDi5kFXNlYXIQ9sX/AOyFt7bXFCyZOpAwznp7E9NQZpJ4reCtF13NTn2SsR5LdYeoUNp01FSpZCmpU0njC2GtauGa4K85sc1QfMpm9GeCbmJJa0YXlXQehV7DmuKue5b/AJq9rSr6atRnd1VP6RmcO7X23hg5lfi6a/GUPNeHsah5NKuo1PFy/D/5ls5PTTtiLAtFD/VQASb8FueZTKTm0y1vByg1GDxXaBSw3RqQiOQzgSrkRfmKbmrDvV4uVxlRmuvIqNKqEXbKDnvvBhb6BHEarc77LHG/gEwOuIGap9Cs8U1huLsFo528Y46lnNgj0C2iwTaI8EXCybmkeKptfE1DAuWkeWtaG2jdKlhG9BaW6lX6D/bUezg9kFBpiAoaQOiuK3mq+qPJXVP2U3Edx1LTpnqi5pdfz1IAMBEDHMU3NVzSFAam7uKlpIXunwUaNvgr2lANmANUazzVeGAtiSp9MpFNd6TQMd6t28nLoiZvVzhntvx5LDM5CKBdFoY80ZpkEBojoUwmjNh9pN9Xa2I8VTbo4gyTqV//AK3f2XrG2xyW1krWqG6OeQavV0qh6NXq8lq+SuoQsIXakLbymovWVKrv1K9k9SuyYrtjoUXh4cBq+CgnOUMz+gzYFXoAm/2Q9nW5loCb01DoiL+YVJlSo2w50G5OAqNgH8q7X/KF237BX1iu1crqzk2zXeNgcUWurvIOIlHN+pQSHDkVYsFpWCwWAzY6j9U9NXwzfpGZwUtQn+AgCSr2uHhm7N/krwQrlx9oOmY5rYPGcw6LauBNkJzdrZU0xPVcFdx1Haruma/HkM3ij0zM+jMZEp0ZmlzgJVzgensPH2Glr0KpPAQuwreS7Kr5K9lTyW677VgftX/5XD7V7n2r+X5L+UjdTCNqZ7leKhXY1vuWxkjye8lNjJnG02bmEwp9ErAD5IRuI1PBNAcBYfJT3F+8rIkrBEnUOeGxPehIxvTz3J14/Ssmfa0cbTwON2Zo5lO6Zqb6JZsiDaWNH7l66xt4WTmKokYx/opqMbcxhkKo+XbPIo1Gk91paH1bnjgHIO56njqEomOqiobI5r0jKHNcxu6BxQJdcOCxCxCxC91YNW6xdmzyXZt8l2TfJdk3yT36JsgZnEYgIP0phds/zXa1PuV5ef1FNrUZbbMFup4ex8c+A2TPVSGROCqFRRbN/JNNV8RwRFNp6wr3kzjIT9SifmV6d1VEsxAH9lD2AiIloUOiJvlWQ2zDcPFaRj3B+/jxQ1PHUKwPeoTg8ybalrTC3St0rArAqzN/LWej1UdyHVXy5YRmo/VqHp7H11YUZ3XHCVacylXpf1KLpCvpkK/91svCqGpVaG9VoskZDR7xRZbh3M3rt2fb/uu1p/anW3NM8tSxUCfTBvaYhP6oBr7hwK26TT0UaGr4NlQbLC7gdlWmVHTzmVEzqHrnvKhgJREXpl+82U/61ksTvJu0YkIMc82T/wClvOW8U2OWsU7qvBCTxQl2KNNrgXDEZqH1HUd9OY7bbrzesH/agQ3gTfdCDqejc21ZMOw1BTtWRM4K+0T3lXOITSwuMnjneeUInu9hXi4ioUSTjmyQ0qNIF9IEus3rtH9AYV9OFsPc3oV2s9V6ykx3S5bbHt/dXVmjrcibYieCuvVhrRfxVovU8eIRtNcb8ZVF7i6yW3XJ+jcXC1xCiZHephvkphs9FwWAUmIHAaxTrjig5lN89E1tShXaeOwgHMrXdwRijVce5XZG/wASmerbTsX3vCuOY4p30ppa1hmrBtcoQL4tGkZhUwXhlmsJ71YqzYLXTHVU9CAHON99+pKtTdmo9TnqE9ykcvYZQPnz/wDTz/8AHChzR1XVXtUicxzMnleAt1wVItO224jNaAmUa9L9TVTa0ElpKq/V7QpzWkRPJdp+yvqFU22ze5PaHuAHesSVOjUxHioqNlbLoKf0V1WwJm5EVKxN0K+qT4oNdtWflQcylcfBGmygy7iSrixnRq2sof4K25xcS43nPR8c5aOJXf7B1aqxxc7HaX4cHqVdktL7VQDQABNwVyvM5hntvHGFdm3igybQjjmlpIT2++OXFO0g25v9q7PTVU/MgtqXMjCU19gXicFGi/ZXBwR0NRwlesrv801skiUW0G3YBTXeGuODeJVOgzoqjG4NAH7Z2TxJTxTplzm/ugjaaHdVtZPT8l2ZHQo6O1fz9pTPzLHW/VnOYupMLgMYW00haTi5PRFl5jkFeHj9Ks3z3Be99pQlwE4LtGqWmRz1nZ55BF3MyhmpgzujBXN81aOa2+tTpMj3inVWPdUnZwhaOgAw/KtI5aZ287DojVqNcKh95pXqMpB7nhdjbHyXqi0tLS2Zlq2j/AtDGkkFWYj6VvCzGGY57vzo7MwEDEIop1lxae5bVl/1BFthrI5J6yhrS4HSNw8Flpc5xBiJ6JziJAAJ/dMfb9Vo5ie5M0cW9FdPgnF9ZtRoIticV4n++s4hpN6uoVPtXZO8llD9G61Yht2K7Ijqrby0AfNmpAn3QrE34olnDM2k3kE2mPdCjElfK3Hv/iNtjSppuLT33rdtj5U4Ou6rYpOPevXVRTHJt6kW3H5nLcWw8hOIp2x3L17Ll8pw6KVa4lPRJe68zARs1H33Im3EiIhWtI20BE2f90wsc3ZbZvCcQ5ji4zfKDXRN+GqX8eCucB+ldqu3en1H1HFznQDKvc4+OeiDVNoACAxCRUJhbNE+LlNhkp2X5QBO60DirUL5nceQQY3AfxcwNaWmy7mizKqUH+oz/wBICjUFUt3OcKzUpkdVFiLPHU3nea33+a7R/mu0d5rtXLtCop1J53JjXObBMbqc3YIBjBBlSyADN2pk1Lntals7lO9OfGKhoQL2kM5lNaXGpYF1NmHmtE1opg+43/VRx4n4HB3uBVioNlafJ6s0zi03hGaDWu42blI9hCssMBXtB716vjjK90qSLuYWKYwcSrAwptDVs03HoF2Th1XrH06f1ORpVK4BqYlomQrqT6n1GFoskpsp97RerLqhqV3YknBAxNQ3ju71AvccT8Fsv80Sz11L3moV6V9M/spBg8QpHtXVHUWH/VOjJadNrBNriiRTpNn5V2kLaqv81pX9nTvJRe4gKxRvnithlqu7D5FbqOt1Df0UDE4nn8H/ANU61SbWpnHgVpaVcs7njBW6W0PlMgq9jmuGII9nJvPJS43clfv1/wDn/OubBCmwYpuTZO11kbxjEoCtWawnhMlBtBjqtTm7AKarpPIYfC7Q2Tx71pclJb3BWK46rS5NTFSzvNBvCtNu5jl7FzzUpiTxcrPpNIkXlrbyhayiAwQGgKTpHLR5PkWkPNzlYFOnpflGCstc4MV+9zUNEfDtumJWlyZ7qZ8wvSaENf79Lg7orxqwBJUWrx3Kyym+z0UaMgo1I/xeUYD8rVst8gvWXDvKsUX7R3ngXqXU7R+ZQxoaO74lgr8ea3bQ5hXiM0hjndArZoPY6ydoo/4Co79RV3/TB4lEvyWhpeDWjDxW1VpM6NUvq1Kh71eJ+M7jfJYBboW6P/Mn/8QAKxABAAIBAwMDBAIDAQEAAAAAAQARITFBURBhcYGRoSCx0fDB4TBQ8UBw/9oACAEBAAE/If8A69qiES5+Jc0n0hJ5dLFsPFA7svX01TaV5dQ3EeSJ09wP+25g4ja59XxKezvv08EspZFa3rLORsB9GkzpK8g0vldbtD66dajwS1UuShwf8EkotJR0PPeGbr91Ho6zCIOoQY0FQjA/7Bk0nLUx97m7TttKq3sYF3ttA3Mgo6+7A2h0NXgdvSLPa9hzmDt+6tMfqfurMhQthPoQeCS5hxroZFXVMesP1k0esDdB4FDEq2v7ULVyW3h+U9Nb1/aGbWP9ZX3Zo7srI2CW3ESZ6fKN2EuGuFT7NRexFanggOtrzN+7uywNa5HETnS1XeDtmvYSxOC7ExOVKIPlEdTLs0Hb6AAILfb1g+oZf4sY6Lcj8R7iA+FIOBvVfNS3nmfCy71UvmG5EKAWJvLv/ULRbMMbiq1QB5HQFlELIQvd2RhskTD94AJWSGnMreNqgdy0/mWybg5wL2ZXgQOLBTgAcsbOLOvrtDBQcqciFuJieYJs63RXFRbBU9PvoiUaNABfaWrc7OzuRS8uouLVq6hSYp3QMvFzWd1VRm+p1z/iCATve6tyArGSxNP9MM2xl24jvB0AKznlmujXW18mE642FOPPeXC5ihzAEAKBjYuDapsDR0gKOzEXGRmDbexcRQxsN4kNtfPLGn+CAsyo/jKU61IbdQhmMgOPWBwfXCfI0j1sCk5PpO6QyJ/EBmMfMvSjsm0WiHpBww3Re1NRlGYLczVy/tbg9mASIjom/wDpDuY6thBBAmLBhlcaBhHHl9pUcONOjzvFr9qe6xTnXXAwqGEBtLfGkbHh73E61BjC73FowFXgolA6cE5qbx/rqO3Hi8Sl7XebaWj3VF9ogpGdbD8L0PgzBqMwCj+3eU9tmvsGDNLkJgAxrVf+YJwPFrD3P9EVzGudNiEIQaYypp9I6FygQs5e8zaJWPJrrBgtQ2/ZA9gLs8srxIuUag8Z41iKwUVuHOnWAlNADEQ40di2uCQg15u0ZLZBQthi1EoKigHhIBEGpfKfvU3Y8KEigotQ7y0DYbBIj9ifmAoOGqvfxEbAp2QMtjCjVw8LbPoP5mUtl8C9uLl+P9A4mKNHQ1hNTjY/weWMIp1ShfBE+yKMTfS40ajHReOFgoNKKrTF9uThe5Lg2x3vCGep3C9HD5RQhlfeGVOsGozKp2rdceEslgl8anUkX6iANt591tFMBLEZgwHgPcch3ielDuiYnhtzxN8TSzpc+SB1tP4DKn/v2nr1IRgyG/n/AAQqA6aQ3vkwzuYt0MqLeoMAtZSWbndH40Z3gCDh0fdH7Mp8qPRZz8X5DEqV0QbQ0crWEYy8nZiy7raeYEilitU4lHSZgI1sLtmYAV68eE0xBpuDef8A2kqlqVq/QQ+C0drfE1lqNS5fUBGyNbAQgPA7qlQF7JobMJJvHf8AiW+Zj1JeXSz9SdrGoywCG5F/it7QOVNZ1IyI3aGHpDwTRb7IMBRFFpt9FDX/AK6G8uY1t9JCKWK+JSZWA3hbpHzkhXBgADQPproi1EqpW1AzkzLG9jCaRrIoNYy3SMWNTc9M0AJesK9YOFQUQZgv5DP7bo+TB9Tk2XDYga0mg19oABjuE/iXBJrGvw+k2apBcJ/53LC6Nk1jBmowp7uOwDdn5TB14MTJbfqdCDBlIeowy2/Et8pteel/QM3C+SKBt1yQK9hySmkD+LBlajaf1Kf0ydtKCGUQC+qR9IXE7PSbQcM2JgRtGyHMAuGLX3eJrp0blHOh3jsX8Eu1asjj8h9o/VPkZq59YB3lzO+rrE0HviLa+bN7R/JxNMC/4Hjw8o0SFtYBCKG7A3ZbKbuqA95lO6LMfiVcNtUFlGawji4qMD6joAcIM0Jcehc12tMu8VrRgk9ZrVEnOno5Zrmxpe8/VcQ9y6spqTU/TXLupWI7x3GuXjboEbfAjNmtoSXrUeYLEMsiZ5roFhdINeTDNPIymU0Vikiki6lmow+waWGk5yV0DyH7wrtbg5ReFCZXEKw1G7HHR24D3lagJZgOgz9Tp0F6u3DmDSUh2NAT5CXJxihJosboIENFtFd1poD7zVU61R9kRjQAgmnqM/gKTO98Sqtn2f5igUNjyqY2bh0D0XFNAbGVeAgqIoXR4llQgvdvKNjUe5lZBvaw1xDYHAQUUSjrPuPv9CI+7vvY/iV9HQ4Kn5I8koVYtDU62MlwHxEch51dpnxIEAx+S3KmqH3JVIoqNk6JAjUW3xxKvyQaqsRfymiSHFXoniX1C/Q000zI5y9xeqZfPbKIt03rKX8FUZUqdz4qBrTetOkeW6OFiQxU2sS6hr2mYTKsbJW1hZWsNBYW0wietCV1tDBig/QFqS0HTm+ej+aFyhPWEA+Qi+1BYsHiGlUdyxlEcmk7S2Zq9Kmf1ltC6+zP6zP6bA/qxNxcjyNkveW+LI0iWojHRnvfSbj9CoTVtoiuadCGO9Ma3jqXD10994jlwKOYXm1ixTrAKUAo4SJmvxu/2oHdByJPsAY3f6p947ZscJpGr6pBNeYnXJkyoKF1n6dfOkX3JWXno+0LuCxmjvYwy8yegLS5QA3WsvqFhrAOkNepKE5Uur6ipj5ugwYdRc90AHtLKFF4meJo/cFwb43jgi92R3KhZcENV7TQy8KDZiU4q8T4Tps/Kn/WfT5cgJmvP9OYhEK1pd+8LoUG0L0gYWUHpPNT8H3TxmA3U9U9D3Z4Nec/gTS7VjqCRC17CtI+Gspj3/iU/UHLEGQGGUxafCVGFE1dO7+EDrRXoNJru79Nr12jviEAaXLfGlMoWiwL2mmCFFbwqEeEEm2xo9pUtkC96Ez+wUClEXv9oIgvKmO84LAOXXaM4HlGvWtQGrfeEki6C5/wpSka7ETxRdqEJDDaNNmHAQtkrBI6vuvlAUUXKGtWwrZKaqhLuDYy8ShAEcfRfXjR7RczmKeeCqcDovoRlpvsRzWCXjpfytLctpjnxXRc0IQj0sbFwoqNCEGBFUXd3KmjFbr0lhvvGfe/f6AFrEJ0IfaEsmoJVvGPohOO4Ua08Jldu1BKKs+8fadoxpMl4iL9PWIZ0shbT3IaIO+s7z5xL0SoCKFFO0CrqcOU7D1/mdpmzY9Z+kfxHVw7f0S4mLhRosI85n4UXJp7o3kbXFr7iup3PZM3BeL3+hULLd5bBPBF7UuZN+sTvRwznrQTFFIyzgOxcFX+YIsFvaXU3FgDRa9o2CrMm5khgOczF0dtUtl+wQe+gVEp30S/x3WJtXnt13ggzGVxR09C/M0AU2g9bBleAm9eqD7zM+ymTVPSK6xRy1uhrb0yXIrEeiTVBiLV1ZWbJhh76jvSDSGc27pTSE4FMCqmOq3o7dXXrmxIueULSh4Or9Ts8KFzM95Wcx+xAuWKgAvLKy8GmMwKW/ogULrv0wnaLtCuBho5N7Oe/jM1vvdHxLQlcYIXXhqjtCHjek/uuhioPeIxS+jsmo5DQaOZWhtVklfaWXpKwagarZfp8YzRz6RE1Kimoes0Zes594Q/4CM/iYNDB0uJsEOS8TXuUX9rSV5uFx38+tdfvS+kVX6Sth4mXnm8P8IO2imvE3QgLQPlTjPm2bpMLpUC6kvJSrl9iRlW0EBRlstx5gNFvNYUwTSOI3S8Cy0xxaQ3MZtR1OwRR8vzCFIhknmKb0czQPUdFXjiR95XRSti6KU4G0p7bstBerC0FoAjWqtSRqhZZleljz+bjMW52qvpcvo/kixQqzPc3lBKERlxLjtdrfMRVx1B00/JE6uju88QaphzV9Cfeiv65bmUiHcBkYEBvTXM/E2XWVTBNdd9fWKF0LazdUFwwxAcCDvr9GD/AL2iJXmU6TY5KcFkcCpVMowtah0JNICW0rxCXMveFirbwtgXAxPRe5Cm1KqKhMz4YhUBOxpMjFNDoq8cy8vTA9x+IstxULkvzGpQU5j1olNOsD1PIJjgF3sgmi9mCrqKldN4dH88UVTIoqIDESKyOOS5o2O1Bx+JkQaWt7fiFOwBV6pqz8Ms5JmQy3oQbvLThHiSuBL54Al8VCxBqlQKa5nJDvJDYcaawIsxgsxaPMswJW/0Kk/S00gpuqYYxy2/eXE6NcogYBr67tJqJ5s0MTrfgk+yhlsRqJ5rCv4JnLKHDmFUwhp0GZ+pMCz8dVDLxvTyBPiMqWJ4IXxeYt7I2+mo/Q/eYscGJqSiHV+8pmcdxWiWAgA94Vbgl+8OWBaxtg3ZIGCCkmJeNEMNJsuFu/8AbtP49kBmqp+sNXCqG6swjt0mol3h6EnpQrtCQbcc4cSjlOAztg9j2lsL5ZcuKvBCXLg/SLy8ky8H0zPMmbE10d4C2vbcgWGiM2+l+hY+WL0aZfcpi6qzQnyKKGVU3Bth64vmQmsjpp6wARRuzvzuxTeLBvMtZuXHQWJUmBP3u8uYvbhh07ihizM/MibHS0lqxNnkahhXMjah9I6dQLeel9F8UOh9CYZrsK326P4IMv7z0sfJ+70cxAjGbSxbysTSRi2fMWv6GPX76KKDEG0QIsHiJsOZodfMTKGskh3zNyUq1Kb4tszqIlps/P8ArEafp6Rek0tD2TRC2imYtpp+0v8Asz/U19T98SzO/t9ouGgDUDiN2AtcQe0Aihyn4+gH3cvUiJnpEZpGRqd2PGaA6dA26HR4O5K6WrKhYdDIKVND3QxFoMNk8OLmGvhTls8a9Asj+mHP+s9DIRbCbx/uH4lM4uQ0hNB3YbgMJILAHWu8xp10raf1G4LBBMZraoq7FW1n2ZUhVNI/Ql6lUZoRhSNS28A9qvCW8nvh8vaYdlDJK/nn/dn7Kl277Rf8RFfwJ+A3SErrBWITWN4jXmBrApACa8Gfaal+7xNYb1T7zIeMcpfJEroJref+H7aVEl24rHNoaCLzFxUxRoVMoBhs21zLBQNDr67ylbtla4yoKtU12IMnj6Ch7KefSPaKTDKg7pQxdZ9EbWwCi4cbzetaOrE76zduMGmDZatU0XCnyx64qFiOOAA8RFbS8jTMSgg3uxCtCNb2JkB5VrP+TP8Aix/q4n+KCrQ67pcvMuXLcsa6jh+0rjr0Gd+Z5IFS8koEoIMwff8AaaSH+MbmmVejbgH/AGw3Hr0mqfS9kuWFZfmpd6oFN1AfYmDGsjAH5cA/mfmAWGmlPoQXDZ3JrseztMPJlpUqAue5S6nNnZftgdobSNn3mNxFUGHrK12ZbrXMToEXSHBLAO8+MHSafw03AFag9cwHv+xEyxlYSsOEX3IzxYJ6pVpwfuIEGeuYq7EZZfQ6qI6XKI5wqVCpjAWo7s8gkw6L9DaaSCIYU/iaiNUQ8wTB64A0QWiHkHzDGFKLFBrcKTuRK9vovOtY5QO7bVgH4qI5K/ZN5NEnCaeqPf1U/P8AgsjaCnmZcitjbVZgbk1tRKBcdh+Iia+6ojfoBNJZ4NzH90TGN9DirtOPzQFx3FcwFnCGNWSQbZttKXwfQm8eYD+SGFUqfdBPOLgpqVPQVADWZU6rmCod5Ha9vTR7kqA6n0XYNloRe0aI44NVQXPmNXhCWWeYTYnkHEM6j2SAKJOpM0Ua4eiimnfvMqKxTHmW4t2IK7bSFGUmG3nufmaphFZSakPp1AurPoEWaJfXlcQ2QUXP2pf08IwflLjQbH+DyUffoOsdIg4l9IsCTNd8yiNo0N9IMLR2Yk2jcNoy1SpTcT+8MtghibbQsIqFRSMtZfc8y4m8BofrLgP7rpd/WdfkRPZa6WcKPAmrOLJwLL2lEoCjsliFjjLCaYO9k0iRxDuN53lK9lcMICaB+8Wa3O5uCsXO4ou94obBzj8ZSC2IZV7wx5dmkWAW5s/aa8z721faZkiFtYmpuMtT+9OlbFiBAqdnpCA4Bjb/AALse8gRqzzhn8GzEjuAKDSDkSeI0aSEXDvLEEBAu1paYtdsze/ioV2F4Zkmk4TMQqXZvZglvHWnymCai3P+G+v3pgPeF9Fc4t+J5UE+fBwOSgljKrKzH2fARdbHeUShU3mJX7RFxkjbeI12rYGpO/O2/wAU7RHhDswL2QSly4eaXvAYUMd0ah1SUzV7LmoDxWaN5qQrMved1/kY/svtDDAvmVAnv8fLUvVEw8pQhK8SiaeCb5Ud+uCJhA2SEC0sZ2nzSZpjS2l/rHKONVWJfFwXla9ogZQd/wAUPdZvuJ/fMClfQOHqdPu9KcdObaXxueIPvdOAxvK2mhBzd5QrUW8QnaCJBTcfSU9JlgfEsU2rqPWWCq65jOPdbRrKNo3GLE7H5JkMLdQyBEMxnvDy2XzmUWLrmAFAH+e1gnBdFQ7dmnZASmAveMJXntLnEazLDzXjxE7U2Y18S8VfZ2nxOgWzZuqFwx4NhbhFaWaPTLEaMbZzKroxp0laaedoCBFjvrFNPKTz74riz8B6Dx6TT/fP6fvS+9YUTej1QeEXyjTNIF5U6QH+EiTValLhiUYn+KbhIg5CEJUVWnT/ANTqawNAcsC802waE3ny4gV/5/ftrMR4YBSWTXkVzMC/GEx5DuKPmPXxwtGaeelexiWV0vhnoDkuJQLF7fJHlW2M6EekzmfMHQ3hlrP4jEFrSDqmaYuqlcEG15xEEoBK41GlpBT0i6Sd53p37S4bJX2RCFZOzKv89d+ldVlXlK/hhOQPASk4PDUyAfGQX/TPlsUBxLhTpNWFJG5cC7FVgf8Aksrt7/1StyWg2zIA0PqjMOj2IkBnMxERXyf+tUJE0a+q2RsCM3Xtqd9DNS66Y7DHq2cMS/1TTtYLqDKGxKrRT1gegeqV6e9lP5sr0mIh/RELYfcUmXpyAcMhcm5oBq+iipwc7Z/vq9QGHoo3XaWsNsHbaLYcvn7OHEGNUYnqhG2l+A7pTOX6n+jb4hDIDLDtAruLb3n68VYl87Ok/SINHdPEt7M3pdSgHBu2tytUltTBKIIc3Ktqa7E1a0NS0yWIbA/d+WfN8s0b2iIrJ7REmndghqfm9SVuy3LPliXOe48IhHjjt5TvsHq/6VONPDWZPXG7XiLCu137GDo+47ywJ3OOsp0IQhLjDGsp8Wa0t5i5aIFR+gzMaV2G5objsRrWEX3IDmG2dAXQg5JYIhi0fgOXvBm9PDueY2y5F1/04vNiaDUnAQsjRGaPsjxKlkNyJGdSZAlvQeo6l6S1DZvrAKQNDpAuwTPj/lQoDokzeRRj0OJ6MVq/oQpTb0JFK3FVADQ/1KXKc2bDEWKYzbXtLlDWLH3lS9sjv95TSxhdYZeqqZlPQN02HDDJzQlCbr2XrnM0Me+kJMVowoQUrU185QHTR8ayypsZ3/1KW/5f62pcr1vWYAQntYcMqraYsd3ui9IPEWRh6ZhyaBF7TqU2flTIbkGlys1HNrzQT7rKgC7V0B3Z57JF44mZHIrudm+D/ZOsDAtmwRNzglg3kVNQVG1p1V0x22Ra00qUVKvVzTGyFoFYd5HHeUZi31bEJjDfKj2JUU05gDQr/busBm78aX6+1KNPZlGnsyrQCV/9i//aAAwDAQACAAMAAAAQ88888888888888888888888888888888888888888888884+234888888888888888888888888841yFKEvI/n68888888888888888888887OEiUf0Vg4yVI/8APPPPPPPPPPPPPPPPPMaGpuw2O9gJtEZ4dPPPPPPPPPPPPPPPPJRnD3cbDVxfNmQYgmNfPPPPPPPPPPPPPPyUcqCgPmpkhSCoCE2E/PPPPPPPPPPPN2Q6Im55UNNJuPDra1aSUn+ce+NPPPGgd4gwgWoyGhlq4bInt6TZn2g3Cc0m/POFeL2nj5GTdRS+Tf5nlw9wPfO13pNQdfPIIZipHnzSXd495u0EUUdG3ltLSjuBK/PPMN1KGB5Ewzl2X9HMCxwJWopZVuoBAiEpQvK4ASjX6o5Nyifbjokd3BH6h/eTmWhkPwC36QBW4Hp0kauAtLldetH0PIK4WFF9D1AGk8EStKhCjO98A3ppprgoZjbHYOjMO7kwPLO3UpwndIL7HJ8tP+nUNso5f8LoW8VfjPK15V50SnUtCiUoId8bmBH0lcOjdUFfPPPLz98ZA25r1tjqnxZqkGsLkPIXl3zXfPPPPPBoXUCYDmx9F3iYo45sNdMrPDPPPPPPPPPPLLPPPjcC4e0vBD/cnKzHPPPPPPPPPPPPPPPPPPP6lufZBS8EWL8b/PPPPPPPPPPPPPPPPPPPHlUzmp976oxPfPPPPPPPPPPPPPPPPPPPPPPPLZMGdb/PPPPPPPPPPPPPPPPPPPPPPPPPPPPPPPPPPPPPPPPPPPPPPPPPPPPPPPPPPPPPPPPPPPPPPPPPPPPHPAP/xAArEQEAAgECBQMEAgMBAAAAAAABABEhMUEQUWFxkYGh8ECxwdEg4TBQ8WD/2gAIAQMBAT8Q/wBf15kqItLB8D9XrzFdYRa3rtBCqwbCAKEWDQXUM0Yf9MI2x1iouRjPz5rA6Iz136zcQ1zAQdufBnbolCb5N5JiCzneTtLpkbP7h++giWfRnjvM64PLgpD7xw9r70RFOXOChx8pk7nh11PePqiKf6pm53EzJaMwXtCAPoSPWWrbKGAjRFazBR6xcK67xC+YzkfV/cKFC9/3BBsay87Pd/c1QLnff1mGP53iA5GRAKmTbpziOkrGfnvAtO0G/wDOoFsaQj01QdR1inLavs/MekskTSz2H7lU1VCXyT7y9WoxHY1L8Mn3lMo2tn6b/OkGI4cprMNCdOsACiVNf5TGlEoQxQNywgxQCmvhDGGXXgpDshfXSGAMNe8YwniJ1TxCDU56en6n6UikCnkRdViVO7nwpdbxJoMkUakBcEEamqH8RJcU4ehDXb2/uFLen/JqQzGaE0HaiU6nvwjRGZRKYwJjeOqM0aBrNNp/KPbhvI/PmIIlN1LBbPc+EI3vaolLX7xbLXz+bQG7c9yCgiwrWCBomRoBCQ3rxNItRSod66mPMyGo5kAaz3h6pXyO3dlQm5nR0Xb7Q4LqIhbUt5y5Yg7SbfPWLWLxA3PiITK+Jvy+pHW56zO87FgoFesNAD5hbIT1/J+YMVNJbBi2jp0/5EgsJyjubdcQaOkwiBURzpWBKCC+r+oiKvOlc73SH4kv7XErpfR/NQ2Crh+HUfH9xrdvEVukvRiLFXT5U6XtKAMSpgmaJLK9D7w5pvQwSpRZBLVnSMuBGxYjuuiajhgoS6XCbYEP2yK3ZRpFOpfrBbuesBD5/EULBhAxHKVFjGXB0eAH8A8TCu3uQvAsIFisi1NEPMe2kz+IjaBmjb0N7UN1dIVh04Y/aaZiPIGlMOValcDKaOVwQgCly2ySxjIXLQhFaROmkH2i0xNXA32peTEMvT6TCnpFSzQu7KTJXr/cSquKidbxvwzGOQQzRMe08HjApazEWcF8agw8BSBBKOrVwKJtG05v5hsi8sRW3lghleZoxxr1ZbtDg1YTCHHvEicIYq4BSLAtxxHXhC5cGB5weJNMwcmin0nf7RPP2nWPEb7niLMJFpYtqGF7X9wLVlCdIStAY3Y4DCJFXHplEXGOCiKdHlKBVNTA/gXmQzHKMqacAh1lRIC5WsPfNDFRrxxl4VkppweZTOXvztKElmSCWorEuxjjult4J3N/WKF8X1A9aYhr1tZnh+0OxZgHeKNonRRnAZfAgxBTFsEWGfaX5vpUApU8mFuCiFrTiDFjcSxrl23S4hBgIP4CmktjKDABRLWyOg1realT0lsFQW4FR1+0pKc5TnxNZ7hjoxY94raLYhjCPl02RA5y8ErnGBUMVubpcdziY6v+ZVETi/MzKytMy9kzDW+0fpMJQ6/aN118z+4/lEUc4mg4Gz2ixBmK1EiMPy08mMUHu/aVB3TekLN6E759DYWStFCDiA6LAdF5YHv8sq0XlgSr+ZYhTGCyJkj6wZpNf3LsBOoPoxjeaxyVEjKlRje0XAXGNhKU8Ep0TK/ShqlkFMax41TpKGWZMzbIBrArT6nMx64SudX5gYA/8j//xAArEQEAAgECBAYCAwEBAQAAAAABABEhMUEQUWGRcYGhsdHwQMEg4fEwUGD/2gAIAQIBAT8Q/wDP6EwXBCwiWp+XoZDJtNKdPvSVGRfKPaiKyDUPv3/Jnj2X97Rkv7+IhQ/GdUQwbxXkY8PSZNWvu/OGPNgJRrTR84661vlVcDKlkyGidPT7pAJZfP5ghZTylzxKw/h+UmoikyxGUAL3rnNQpXhdfLLNg3JSaKlDWVEDyNwcrcAA43+YHil4Dmf1A0D+39xFT+DalBgg94m+DGbLvKvSK2pe+Piaqxs7zq/T4ljkxyIqKLP0qIqlsY2+I0Unp8RG0bI2VjbPpKWZu5eML38ecSv+4XgmGjw8ucxgXVry+5lRmOCoUDLC6MwQGUhzp/X6hGId8P6+9YHfDeaARdPWKuWG8/8AViTZHZaEC5KCMSJMAu1HitRrbWGkplpjWx6xas0/UAyPeI7PeWDLlrOfd2Nce7AlJZuzhauSJLVDB9EghZxGq7/lpZViYXeWZ29ce0RY+P8AsTRcQsAdU3gm72ZzKd5eGyKjZCFycHNntYTVwukZ7J+oFcA5H37mOMumL9MxhtQqRj2loom5zPmZxYfRiBb7TPmkWoy9JSQVR2RVcRBFwHZBbiDo57RCq3kxboOhGWA4XxOhAcFXtGqC/P8AePCMsYIAjZz+1DMVE1Eu94spHeI2O8C0O6NrUOjCOjLswcY6RytfKWBU8plxbG36f1FdpbzqK5EMs16/7AFCE2GGe2uNcTWWNxQGJypZDiXLF0PmJgqxrfINhiF95XvUx1jzP1cQW3U3YinI7/1LsGNZpRqR0iS1HjW86bvAqs3zgzIEUmk6/qUGeJaQRyJtMVFCCvGVAuqRGSWBZ0qauvgq7ecFYlUFsXx8NybNRgm/ciBkHyiSjX3xg2kIhCzWsu2S94Q1rFkatP8AF6gldl2i2jTmNW09YbkUyPlGTo4/cDeYRQTloxrPKjRcB7lcK34zRIGdRmtnlFdhcQ4KWnFy7aOESdBiTVRE1gamDlmhEXXwp7wFzNbGeD7x7y0BekK09/6mQ803EtB4Ez2X8v6gMRm4dc3DEIYku4ARVQX4pwOcatCiAtwVCM1SpiqYXrCBWVL8IIxByJYJtvvKK+0Qb9CAv6nxLoHsRW3wgt2hBiLYPyOBZZcx5cCGkSC/H4PaEa2CG++NHKJKcpVNcHXg8xGmk1B+cE/1Bdh7zpPeA2e85j3iElat9xCS0+vCLYr1h4d+DUSK0qF24hFlCA1DqlkCVDxXRnJRDtvbF7dixZWXHWETyI7DzJa1kiu+M8ldOAwW4c0+zTN1LDTNcHAUsL4IBNkT3n3xl8AcIK2Xlggs8RpKbRTsbeUFVwBdIzcT2J0+YyAeOsr1NDdSBFD7zrZnUJUIOYypYn3aabYeMTyj3iq087jFpZzIwUZtn4EEoUPlM9CoVMp0lYUj1lD93iaecJan8EHWUQIk6e0WtrKimCS0vaaV3zlLVwiByeHvOlOlLtuOqFu6EWItvCFHAheRfSFqnDtcxWKXlW4xuINN4cYrxgks1M91/NbLMNl7IMQSyMSjgd5k5Vc2KO4hD6PeApfp4fEHdtUIQVnnHa4ayC1AeMCoUBYoTAhZOZL8/oe8q9Viaj7S42d5d/BuZgsrDBqGst1CK6jsRXU9iW6jsTDBvwiQQIw0YhgGrKEJjVK5xKqeBNMafhrFa2SMA/xLawvZmeBLLMYz6TVfxRTSVazsQ4msrwmmGM5V9I0OfyUg6YmHCqW//I//xAAsEAEAAgIBAwQCAgMBAQEBAQABABEhMUFRYXGBkaGxEMHR8CBA4VAw8WBw/9oACAEBAAE/EP8A/XsiZ3aiFAXTL6mQPV8fuPxMql4i7Y0Dy3GPSWKyvIp1SDLz5K/mJaV7hFBxsNnpBsv/ANW/Apwyyv07BB+vmIY1TSboplewviC4bDrNKAtrweYig3rItXm1vFQu6xVaW5cLjdcylggNAqze2dYhc4jcj5fSHdafWC38uNBmjYluliLS1TgdMStS630zfXoSIFjlJ+j+rgv3g/78RIkm6b/2fT/WuBlNkweVlGZQSB1JyvV36OpRU2Vu9MAdcr0IJCxkmAWaKcBlidxvZ7OC2mjVsO5Xd+TQKt3RLWSypv1ESr8rZta4vHEYQXKgIlnXeX9/4XBNOHbtmI5U8C5SC0aNNxOut1/KVpfMuiYPKAdteZnV7QE6KyejHTFR9OJbgqjz0vuGj3IPuL/zDhgCdo0AcqwXXlWitXweMzNMPeiF4MaDLVsfrQsADAd1HK68wxGdAVek6FaHN3iBBJtvtpvYAI/wDXNfUrbDbW9nK6sbwDydHLAKZ72jFjzGEEpOTI6YK1ZGXglxdVtmunpB/LBasFUw7XiyOgamaDsORhzV2N9Y6qYtrI6PQIy4CfAF/VUTIrAk7+4rtHWIFzP/ANKmcahIyLWB0wGj/q13/wBM2Sg5iLkKEpoDiPTKgi1hOSjxBgiLRMh4K2/9gQVknO3o3xe4NhWKIBAWNo6ZkVaC2hCtYo6DEXilbrytGCvMtfGaSxlbrTX3I59hY3PX7YoaGxpzCORV2vqKjSNsv0t9IxNe6se6e+YPH43LU6gLaDctrpVLIbNckVzYVM4X6ZqNoaDDfjNn+JV2o1yeE2SucuTLs3AbVXdLSC5erHrmnrehhGOF4XZS1fN/bxFoxWSPV7yskvCgl7B0j/41haI+uzjB/ToAiFSlso8seA7u1Kw2Wp5jBYX7OFVbKIvR6y3drJZsvq8veGgGCBYoPWGIMMQGzzSnYjt7rnGhgHtgzEllkbsC7fF1jpA7coVHV81fSNuagqrch3efMPEsn8LLGsLGReJm25kyGv1+LYL9mDI02WqbqklQGcmf+bfxL5UDGNlThBy3WwHzHQaULdgU1RzjpFj9hDA4YhMGTUrhGYg3WtwN1jDbeGIWkZfC9XV636xK0nTLQ+FuHhuHnW1WDqP/AIj5K/c00ODpBOWUQ1aIQunhrmVxuVzjobuVhTbpKECEUbLzuObmSSRaVls29oOALZcaxgzV+IBHKOgdo/K3VpQNNnBTqo6mqtETWOW+0t3QFR4JeW6iqdU/CxFkQelPZNJvpbbXMuY3BslsXJvC+49L6VKz8ivWUVyi9IzaV8RDEsaejGpO/wB/MVr2nclNH4yBh8FTbxcxcolr7r7Cu+I2eAFgZWybcprOruMJL2MK1W+w98/+EoegmuXsJtDbDmLVBA0Vd20Yq3GYl1fkLZd27QIKuCCep3OO0eY/ESpRKu7tIx2etWc117waf9nLHPFVF9eKq7M0l5DNTESElaKKFovrC5IOV/MolHx/2KDd1/8A2E4OROSbLprvMIBiduOOe1R4g0AWeKeb1uPRgSo04yaiRpDBRZ9Qnj8YFGFekT2Xx+AuH63Dd9mEoNXat6MJyfgIdK7NcQZp2uXKp2e5QMInJHb3rS9svrXvEPNHsKtHRS60iPWI2tbNtPBeyynrKlt9ev8A4CAq0EawbMd+8MB+bgtkPQvuJx0tigEq10PEvprMiIsmCobYYdYOs2CuWamsKh61DVZA9ghq5fzW4EY6DAnVcRSiqcure0K2mukP+BAv4pT/AFcHWFzutU7omNFjQaR4ZlytoXd7hlBTpB0qpLT+Ah6QH+CB69qVqKVqC6VoW7A8P3GGXXSMyFlVhn0YoUvlFu+oL+JQaMAbdR4ywiwHM1w7W9WYY4BAOWN0mzZUMtUBmWBZ5ac9yeUN/wC/Rly5XbpDFQizN5Z6J5DL7UAcYgwFnMcw6i9nyVH3K2oA1OIvX6/AkNOXTgo9YOFwUwvNvo3AsUXroFazGNOyL0gukqvMRnBX/wCko4jTiKcTHzBzv2+Eg0I1lQR3F3bfCNvQpacwwYPdlHAOMy3jvNJyr1n7hcL0Ab2QrPKUsALwcyotmGtGbPSAEGgomOQiDT/u8TGjqxzZS2HEIOZtE7aqBOulcY4mcPUjuQCXLVpWDnoMOk1ausGU9Zb+FSTWwLfWUSkElwCwb7LYjrMDpB6QqHT+0FNb+6dmJWonSVapu+Gr5CM+Uv8AKUcSq4StiBHZ2y7buoKjzlXheky/X0C7rsgRPDYdbZcVqN2gMJdYcFZzNS+34e7p1/tXHYB5ZSrvEqkxm+YQg3BjxHCgJyhv4iTNApRjYYCjPMqwdprNQLe+xDPvQKAgFw/IJicRSuesGOFU/hI77ReTwWhszb50Tl8XHMwAqR4YbT9P8xOvXp/M+mH7GYNxJAau3asR8rY2+rM1yeH9QTXoEP8AaH6I08Ci1FixkuKEEm7phCWxVA/bBqvZY64KsvrB2EqQDAg7VsAL/wAHHaBdNjtFP+upsbMWVcrQGPU554ipFrKlD0GMGI2T5yuVlE5Uw9JZ9ith+FiEVMo1LqgWFNDLgT2a6R8a6pTYtvvay+/+PhUqLIdcgOL7xuvBaPUePSEEq5odajawTYQZenIu2WN17CYte0hVj2YvatR2hqChd8JkUIRcCcTH4gm8NzFC+DuZ+SEIFeBpIftTntayd5ZIIBQjpOZct3ugparyzXvGXBsHCuROEcMSxQ4ArHylRak+yPep7cQZlgJ2lHmByVXUzN2+o0/MtZyYEeqodXUR80CsSCOn/CvwtFs4Huy4IALhravSNSDRgDpWriXqY2uh2i8b9QzRa6Qs58E/QTI9/stpKtxzB4reaX8QxQoXcvF6Qe0b21Azz+JBgwYR/gSMI12KafJx5g0AUaj3QOI05gobxUchs3xGA+qDK+ZXFagVdgMrN/7j3shz2irccFmdA0Gq7RPR/aVn0+9mIzNf4VsOpMHbrezh8JKmpuxKLglrAkdXdubvn8FwoabGmLsQQO34leSJ6QFNnpCwdAQDe08TlqAjEVcDWYb8GvOO+JZT0UgbIYIfdPJpGMQIOKAsRKsqGGb/AK3EULGX6FI+1Un4MUq2d1HFhjmEGNeS8bhS7UtFxekQJRK2qcnwRtCri22QANv+WaIKoYoqwObrVeIGZGoUOJaUEGy7MxqbcI+Ys5OFTPdH/wDYothcPGBt5lfGaY96gRnIU9qzNDYw673kwsZrBZwDR0IlqdwfqLMK7B9kCMeZvtIsWg7H1Q6aysDDPTkihryI8/hSZjhHvjrKAAraBlXoRPNGDbyDTXXrHuahhc912sGEW6QqtqMbvIvYNnfWUYNiuKNHtEqzAVvTV1L/AK/KcI447nS8c8LwlNQ0cSpcTGk7BJ/vxHQRTDUYFDb1yOfxcVUdBtV7NH7jM3TdsAbuzEakQqAuwVaG6mVhCV+WXB6lcQ2IXTOqjthlMrud1E6ysXwSsm9xwgvCmYPGaUc2JhABoxHMmQVV+0QU2gX6w/OPxVOXgp6MuqqtrJKQ/uoj0u4/TdQsD6l16xSWYERjxCwAqWwwzFClmE2oxFJbRCSfmKajOuBwAOdQviEHCgH6jvAZsLtZd+lyqgC5LNlXjiH1HcAbYkNsYKrXPxODnxXeM36fiy/jpUe/8OWCopMByuro1B7xeOqILi0mMuIeU4of9xW1Gm2blhSLtq4qPiHxYj1ZaYZXqwcbKcLNsCxhQ3yXKij64OrL1wMAOf8ArvA4LVAzcF92D+twP3MN8Aqu5cWSr++0yfdP0mUSBYxspUaIur9ixFAamXRgHl/Cwm0yYDTLexlQ4a4GxywGbaKHlBxmXi9ty1AR1TWJjB1nOsR4rJ6neeK3V9ysbbTL4Ij6a+9I/NYf2Y+Hrg/Uarc5lZJZqmTwzBKGLbM8ldXH+LGgYBw9XY+J0cqm/J2PSEUIDkeYQvamj1N+svLlsgLyOIqmAYC7Wr7TJawFWibAPhjP7D4hu3KmJFcCx5rhMiNHUaxoez6lyllkwTzjBeBRgUu3eChl9JhG6YBUIHq3npAD6KVwmlL8tWGpTmaNKuOAjmVPSgpl6FCKiTZYO/mAySaQaaHaV3dLa+okyv8ATpOqk8G6ShS0Hat/frOq39+sXCuNLhjec813mzD304Rt9AEtgikdUP6mNACoZwZyTANpD84oKSW++q/0JS37v8EaQSwpWBW3byxdb7yL9yK8TIrXPSxo9pbMLkNDHh+I7aaWsaoXvj2RDmkMFF9IvgJbVhUNryVt0QqIOYsHZlNQ1Eg904ug6s3oBdmk+4fOf5/Pv+K1WgbgCKR8wQwDAGWW8/rlZgTcAtArOPErpAJ2TujXQEzbfrKbQeRyW7c53DfALzfaIcRsF+45vSlFg+dRthsAoayOznpG4hTQhTmXZbV9JWKaCVqSNMVXeVcfhhFzsrzKJRZ7vwN1jVMugXKt+8gMdFoq3pEmpWlZ0YqjtC49jbKoX9Sm1pJaMAXxDC6eko6fjD5BAropIgAFNNGrUKh7i0IX6kSWSAQiPO4VS9OCmfmFDgEOyhv5T0i6INy40hVuErmC/m1ErcAPpCiO+CUd59pBALUOQoBsq6N/MSypFsckEjN9+sHFzE8piy1vHbHvLnGoHA0tnf8AX5SAdAjHSMRlhOTl2jSCrxYKVNOEw3/f3BmFgZgrgemYzKQDRQdjUNL1t8v8KYAOWPlaN1vCGoaOhPllqkyXSL0N6RfiCPf2X4HcNCk5Q+Y1HLoz5u17ssA3tIfSsNszeQXra3NqvuEA4XYmUXXraPuTbPFSWoKuQfzgDmvQU+AhYrvvERzLOkXSqLC9cL6YaXhRCOPEb+5co7aj9kNoT3aBNhhtvmKcgAMcAWttEI5gIdm9rHKgH3a3d9InLJVPG/5jWSHW1GmGp8b5xRn3ubhY1qDAU4FlLFpmwAvansqYQ5Rwqz2TufRjUGh2LuUGvwEQvQI7JehFdUMi3mD7yFoPUIX6rQpQo6VDg01EoNtZcenMPmyqlb4F0duJeMaCim3QL8xsMG0sD2IEAzVD30W+sTd8wsPa5iSlaa8ZIYAiFFubh9lTVZQb/DmCD0ugWD7Lgxg7Q3LR6E+URuUWWn2jNq9bV+blUMvAT4qUuD7581BaO2D9wm7fq00BXn9SW67wrj3uJde4HP0kAac0f93LGgOyv1C8JORf0sSAZtUfZLQn5wD3IkmOrZCxP/yMrG9ifxLMN0huy+kA1Q4LLRE4xGXOiTa301UU3CUPDggq3CMSf1UAbkItvKq/LMIrblgmIEuLUx3hQP4H8d0x7DC1QldJpxwlPgTHsGNXMt/oA0RvTW2bekPGaiiWsNuNpA5hWUKSoQDbmrXvKowBBAe4w+kBwj9VCFU3dijaVsOPSFK0VoHtUaIsoNngy+8EnDos+u4htdwmOUvQWyjAHeNwJ00QktAZW5DB3ngy9n/pgmjbKsazKUnBl4G+5AJej8wbXcMyLWGXRipZRE2Oe1z5wnL2zyI3aHak1kecMKFeBZ9BT+02gRyo1FI26XmJw2KQIoSWgy92KrdBjwlW0GVuhi7dRF4gBuswIRoK/qmNWa7CweD1gvL84/c8cMQ/cupA3mmLDpNPzFly7lsOsFkJtkGtd4s9hT6Irf8AU3MF2XXF95QXYDhamj11Cic3uC9L3MH4W4XSxvG9y/EVOrXe3dJh/wDcEDztc+8TIWwFGdEw6j+xRG9BLKMwuqYh9IFFSy0EfEW1T6AlCiPSlPEycKoqtQ8ZfSaH+ZQZwEcQVzZf6hxLl0UsE5PMtMuc33BloBvc7ktYVTuOzNDEka1kCLWqAtDOaJZY7gPGvaErxbUw7EfmBGzZQniteX4lFAGqmLlAC81riLjE0hlLlngHyxzmHccoh5OTpLp96IQ0yoOyIgpgeBAxkgat/wCrzCNeriybTxK7yJ/v0VzqBjzBDh/emEBQa+ULS1XiCguHKSo8BfcM6+y1us1zRcqKCcEbw5xuVbrxxaAXGjMy0cCUAIbYPllpYoNxMTU5hEJcLDsCdlG2DAeVnSxLvWrqJ1FKlUFajx7bNRfghSLvrNdr1YusDyfuVXjZefDfxDY2A2vRp+IKV3cGvf4gUauFGSDS12ixW+ggXfBMIqG4/DT4gMsbeCzV+jGBMY68OJYoVTufh/G0b90IrLg19+Y3VdVaEtIMQE1fmG08CVTVmnmPLclOcnpDRrsG5deYj5jH0VBM6S4u9F7xHpLqFmDielv2mLvHgAAG8FQWHiISsMe9DShjHa5al2W00Kw747g4WMxIQNcmPkynpM1a3lvWKgo+BWD/AM0xAtUyLh1Gl0kHRevVgdQeAIZT+gWKKrRVG1hvFMyEBSbCpvpW6i8AhqCgC4pePBOfyFTMLt14nWjuMjVN7ScYhiFZlP8ACQtWRlsPqZnntYfkzpIcFPaDt46xjLNA4/gIh7NRPCeFldQdiAGPyVxSK3N0PqACt1/cStBD1L9xJHqcXs3GyGSlR9TqmMDMkFtYr9UGcUAaKPeiOZzKn8HzDlcJ8fi6BOLpLYabUQgTD4oGOiKdZesvxFvUXEqzzNvwcQzBl3b+yXFSy+Zc5fFnK7sStueKDoI1aEKsi7Ta3HoQEtgL6S9dokqW1SrVrgDHmJkTVBuaeIQ/UecOOJx74/gnRHiDmx2D9S3reofqWwQYhC83gJ6oxMdGNJsZun9szjlFE+8hfvGsRaEW1464bIADNW6C4j9qLNL0nZvEdRx0jTPvTKuZlgnnQPkiqEGUoZknRfZFt1HEuUd8PmGl6n6/Gob/ANk0gz7E+k474lSAbcNJBF4phkPUhV3U4lczTNIy8w1FQlV6Qd/SZqIUEtMR2/BBt9p8IA/UxgqaCssoru5/qPhUPMSuEniuToQBWmG97EB5+0/oPxV4ujYjqXbBbjbomEUXj8Dl+JQJbvDxaAgMyHb9ywuF1kCpKTUajxF4X1wQK4AmX6G/aKiw3UrdYiLFIuFJXAkCsftl8rFgW6gLF5oxzFuEDKO7T5Isd4LFBhtOhPkg5iwkioOdacd9QRB4cyoHUPuWdA/p+MQ/xJXiK2IS6TDLAA2sVxMkqnlhMtCqFq4XZnUfpNeYys4mkUIZ6ytbdfQSjEslyL/Amo5ycxNRdNlzCB+z6SOAQH08ss9J+xGYLzUjbJ5/7iSkb6xpg95yiV5X8R3PcRmPdZGgeqn6iz9D+pn6DdUPTHi/WCLzDgUay+4MVfin4p3+ESSo5N9qSmFBVqbOHs2xd3KsDba8ShaBt156AhArMaJiGsTMPRfqEukXlAxXvBNOgPyH9QW0loBhF5TuxVsQv0DzzCbQS+88yP5hQgaiMmltZjgrn6lBy2FQDY9EcR6tjAbcuIBA7LSxLc7o0HmUq1ThdOK3tsu4YPSMgMAPLaXdOT3/AOPwOVKUvIqh6s4yQWQSVdz2uwrZEMw6YPmKieS1aq+YIiRRZoXXNQiFRlEzQDfDpBoKlF3VpsYh2x0g7Ub7XDfTZbZ2gqHeEVLy+iV+ZReZYMYa0K0W+0UVFE82bMeE9INZbBpBh8XUp4Twjs7Dpy9oWfSs0t/X3RNh7026eiL/AMKHUfrDiZXaBavkrakDaf73aab0DFvp5bwCyrg1BKFxv0IJ5Y9XSGIUiaoGOXjKWp2CfUJVzSUfVQMFP1X7h6gm2QX1i+SIOY2CHEP9LkhYMWLjG/xdZ/BiXdxljrAmiOuKHa/4g+SK8CmXdsHGM62xDygu9C2YkQJGBt0MdF7YmMQQYtzYL0MAcwlCaux41g9faXtsatHYvXGtE9LH7/wYhC0NX8dS6Fxg20OPedgj+WYE5VVWdtd7lACmQWBBlZeCLa1kGshWAL7zUSFYcjbsUbuUMa1i1N2JYN6gr/gIvwCETQrf6mRMEHUQShRctQHYKHGuoa9oYRgDUDfKxoA81FcCS+uRBsKKY66mKs3nKN+/lB9q8Mz7mCQU3wDxKXUPTm0GcvvKXV6w2tKjN8omBB2ehCZN5MFBdKchSY9Zq+wFhVQSEFdV/BZ3zKWAuprDadH9kWHm5xGdZebgwxqBWZEUo07N3rW4xF3UHwFfahjbm6biSuWuH1i1bh3bltjVIGE4OA2viJ8rKdC6x8vV9omFPdRjihOvWckzch+nIsqoaQOtr/hbz8hheo9YJsL8LSSztiEB0+1h5ABYA46xUAjaX7NykfVAfg/URwgRruUZZHY7SMhg2esVlJRgspcGtzJdSvwVBf8ARFVkqNxIbcqoDTOrFe5xGVLVy6SLhWA9S39R03EJukUJQS3dS/bVVtU8EdDlQdTp1IPwKy14jBGFJ5Z1DdcQotKO2CYNK1FZ4g8y7zPmfpgAqkrFtfqYFk7O80ya8SzQd+0LIRSmXVmy/wAUH1T4RQxEdCWZQ+XszMTeX2Q1TzlUQJ2rgy2tOCBX1ce+AI/8pGtBJaMsdvgiuXsp065lVt/AwAIGoaAlF6c7jFSNPfoAQdR3jKPuI7lUWwS6ZWdIiJaGriF94I6nHrKiggruPzUr/BPcDARvMyGUFZj2L1i9O4czG02rce4WmoeKEeGH1/XmX3fc+kowtwj8ynEcqP2SgSO0APaUB5yq+kBqwQN8OquAoA6f8gQIOZSPQ38x9NLAeyukHUY1+V18MEZVFtWeRfuFnRWKVvB3fSJutizQxtucuMFlKDV7XcNCTZTdwgfZaC7lRbd5fzKee/P8xHwXAqplVb1M44hFmmXquIPeL3H6ZTIHdZHI7aY+pQk4nN3hwlVMBUDGziOV1mhbwyF8welWn7+Li3DrQKDHSYpJUgNQtTQwyFx0Y6VcYtIAOjpiMQ/BLS9FjyRrrDEMTxZkgua6mcIRFvEKBrGeNG4T5nrtKRsoenMd+YFMNRksRtC3WozWCxysbneSofOJ9h/MTAIy5I3ggK8FQqfSp1F/zYjonP8AV+5khStYl0xegEBBlBTuWMY1UsjIKDmszny8in4iTlpsqOUwIt8PWI6REQPHLavi4Oud1AfDLB8uQ029g94jEbMMFxdmLuEBkzmDyCWc/mW1dej2nNQNiUmEs1WYhVcHMVW5iWLFt1BwxFy88Q+YrD+sM2isEW90uYaF7D9QHU9Q/iETrCg2yY7SpiU4DG8HeLiSC9t9YbFRYs3tA+YNSTE74QgP5mGHqko9HcJnBEVXWJe4BnGEp08xSgsdtY2m2+suTC21etEjogG+qcpcDuo1tgmNRbsB5AXoD7luFPcT1TNWx4p/SDRAUEErLes+8ybeTMyFb1tJgalIKgYxuBvEEc1y94y6ylKAGAP8PX/AEdKLAA0eIVanS/lmmvn7EN+zoNYAajlt6qokPTRf4cAaR8R3xzKoQ27lbXNHsSiVvSwMfyfX9UQqGX0fRl7i6iImtSpgDABU43TdVx1iedY2e4rjrCFM0VeOGzeIsuuJzU8zWpeal0QbLgLhua9YC51/RgQDmzBG1MJXf2VOgVb0a/UN+L9wg/JewvNU4YAq+lUJzmKglmKbF7M1Y14xNoBFHXrAZRttmvSoaoZUKPf+5mTyllDA9rq/WFGQi2HcMjuw87QB4BtfEJ8d4qyPf8NAHcdUKUG2K8Uq0MjVLRx1xMt5FxWYP0wUY13l9bObB/FS/tXt3zC1joawrDX/ANBGUJjv/wAR86RarlekGXRWj9MsJBNTU7IClWcQZUjBXEGNr+skRT51cLiYBu29Tam5YkFFpKyL08d4KK//AMGANBvAQNX4EDeCh/JrESuUZVm6tDWmJE8WoQgUZdZdGSuMkz5P0PuZ522XqEvEyTBIMF1/vDKHRu4KTlAbc09LT/sd2/eFZUvbHplQRZLTY3jtC5elZVmCLgYFAGIjm/pDy85kXdG130j9l7c5hyt657Sr5MbF8or4hCravavV+BmIf4D+y/xK2CXyoUWNnxEnDNt7mfaILWwW3ph+I5mI118VSvMvpWCi4exDReqjgekKCDgK/wDveiSHzGUONRlVinByG6ck46DCXAt630gzApzSvuAQymLIxFaHI0V0DLCAG1Jvh45jKIbd3YxAn9ZiWjvUcqibdfEK81t9d/MtX8LuTaCtQYO/7wf5G3IDSunPpFoyBSKst8ek8plLh/Y+kqX9dQRnBYFFOwbqOpexuXUAjQGE1hMjWqmE1xt1DPeEG8tRlXj+LLWaUZxxqbh3U/hjL0oboarshWqiZykGYncfaPc+bYDgLywAr2lyArKWBCWPOdhO2o9jzoWjTuBu0gg24egpy/fpG0HqMplZuoRNhD41gRgNHsf3cAAABoPyg8Eo/wBJBdQKnevF6mZQKmwg8OE94mJHWPbcC6CFhYb6M6C4+R0l3s6v9Wg+YM3s2R64vhAQnevpjAqbQ4+Kl+S0uUdTJ8xE5lbE4uupuNW17pte0CUoLIv6sLLwqQgGEjy+YHEiAAG5i9BzLOcnQuyZ15hVM9VCjseY4VxxiyqrF9ekuJMrAeWBXugzRLYKKBnAEv6uglsJeeiIa4lThAzGUgmzJbBj5h8YL+osr0y/U0IV/QSqwz5pNPH7pyT7vfuIbpfWosqfrGrTSqoFC6z0h86yB1KXjRiNnwp9V46lmhN3fwQmn9MgGwb/AKPWd4/8j1WU5Z4MdRlAsbdrle7/AKFf/JJsRkBTwyi9f44ozWDfmNFxoTrW4OarrCa7sHiz0/iPkZRf7HURU4s5eA71OFTqXHWLwQ+gkT4JC/cNBf26w1h/p1h/MaCbPVR/U5lPf+CYgJkM9Q3FqxoCy9V6xdRSloNZpldWwVKqzawyYZRLR1xODhD2AD59mIxoYtqjcs2Ia6ml8UvpA6LwwwPYIOCnRVrKGOd3Zoe0GdisLq96jQ6lAEroYbSZV56HFss6ZtdL/g4P9H0/0jsCWBkTUMrl0nuOnclBzgwnxaj/AI9YPv3N5py0T6hYye49GUXiOSpUqBc7UXcDSqmpr6QO5VxwuomfVZCvsHSftiTw8fDFD24WeUuKfBlu1+g3l9oWMQ3CH2Er87r+AhYiPZ94FTeYlsKlgGkOhiveVbm6r7JbNq+EVGgsz3gj5tGc0vX96zHzE7P7NE664LL/AB/pWf6d8UpAwqVFloGT5eo6kxBBUrs/Faij42aIMsY2ZXSdGUxSVBURDcoErBJbFMEEZTRevtCmS2JOyeQFaXUAzRCtN8ryz24DP1ASwyXB9CKjpNyIyHet+3WMRNaZ6ITJAI68ESMDlWzk/r0gSdoy3X5dDn5h4rqTN1e3Q4/8cSc2NeBhKDUCo6jpeyesWPbYKXUMo7wrqx81hY0wAPTVmasUyX9wPwqYiQxKD8UG4FRtBmjBUV+iLMh24P7YLTOWwjpr2wGiq+IRma5jmbKsGg6swyGpj0LaKOvXxKJkCsO2qZYbF5KGV7fJDCg3UDyG/WaEPB/5IBEEeGKCY4JDokQsTta9bGvGvESb8zOnZv1m0l67dBTT9Z61foqwtOj18wnj8Soo4ioi4hJVDrFRGQ8cD2lSjgYUvjHmC6Yqar1N8a0EepWtVD6PuXqhDLdaBwdbhIhiHXkeezrzMhvoMvpSNfYVGPQ4ErHuUM+T/wCah2XHScqtB4TUwxapHSjGIhp9Y7y3XKnmIgPa2TjohsmXTPGXswpWsT9FAq+lhLK+7Vj/AMx+SlU5iCpZNdS5t35rpAiqurPygSlAyAN+Alu1deBz0IxmO20XVCeBBAlV/wCj88BNtnoZO3cgsk6C7PGyNWPo32gNVBunUy4mxJp3HdzCjAHn0i4cPCGW9VmVg0Nyb1tgFlDY9C469IC3FS/YL6dIG9At++ge9zCK0BYekLAgcBX+1X+6RRjwlwFQC5v/AJR2h5EHWB6hhpDwYfAQqANH+97f/wADf/8AG8fl/J+T8H+XP/3ITn8c/jn8O/yfg/8Aj//Z" style="height:219px; width:291px" /></p>\r\n\r\n<p style="text-align:justify"><span style="font-size:16px"><span style="font-family:Arial,Helvetica,sans-serif">&nbsp;&nbsp;&nbsp;&nbsp;&nbsp;&nbsp;&nbsp; <strong>Invetarisasi</strong> adalah pencatatan atau pendaftaran barang-barang yang ada dikantor, disekolah ataupun digudang. <strong>Inventarisasi sarana dan prasarana</strong> adalah pencatatan atau pendaftaran barang-barang suatu instansi kedalam daftar inventaris barang secara tertib dan teratur menurut aturan yang berlaku.</span></span></p>\r\n\r\n<p style="text-align:justify">&nbsp;</p>\r\n\r\n<p style="text-align:justify"><strong><span style="font-size:20px"><span style="font-family:Arial,Helvetica,sans-serif">Manfaat Inventarisasi</span></span></strong></p>\r\n\r\n<p style="text-align:justify"><span style="font-family:Arial,Helvetica,sans-serif"><span style="font-size:16px">Suatu sekolah yang membuat daftar inventaris barang bisa dengan mudah mengambil manfaat berikut :</span></span></p>\r\n\r\n<ul>\r\n	<li style="text-align:justify"><span style="font-size:16px"><span style="font-family:Arial,Helvetica,sans-serif">Menyediakan data dan informasi untuk menentukan kebutuhan dan membuat atau menyusun rencana kebutuhan barang yang ada pada sekolah.</span></span></li>\r\n	<li style="text-align:justify"><span style="font-size:16px"><span style="font-family:Arial,Helvetica,sans-serif">Adanya data yang digunakan untuk dijadikan sebagai pedoman atau bahan dalam pengarahan pengadaan barang.</span></span></li>\r\n	<li style="text-align:justify"><span style="font-size:16px"><span style="font-family:Arial,Helvetica,sans-serif">Memberikan data dan informasi mengenai keadaan barang, apakah itu baik, rusak atau hilang sebagai dasar pertimbangan untuk menggantikan barang tersebut.</span></span></li>\r\n	<li style="text-align:justify"><span style="font-size:16px"><span style="font-family:Arial,Helvetica,sans-serif">Memudahkan sekolah untuk pengawasan dan pengendalian barang inventaris.</span></span></li>\r\n</ul>\r\n\r\n<p style="text-align:justify">&nbsp;</p>\r\n\r\n<p style="text-align:justify"><span style="font-family:Arial,Helvetica,sans-serif"><span style="font-size:20px"><strong>Software Inventaris Barang</strong></span></span></p>\r\n\r\n<p style="margin-left:0cm; margin-right:0cm"><span style="font-size:16px"><span style="font-family:Arial,Helvetica,sans-serif">&nbsp;&nbsp;&nbsp;&nbsp;&nbsp;&nbsp;&nbsp; <strong>Software Inventory</strong> atau <strong>Software Inventaris Barang</strong> adalah software yang bisa anda gunakan untuk membuat daftar inventaris barang dengan mudah, cepat, rapi dan teratur sesuai dengan prinsip inventarisasi diatas. Anda tidak perlu lagi pusing dengan barang inventaris anda, semua data barang inventaris anda bisa anda masukkan kedalam software invetaris barang.</span></span></p>\r\n');

-- --------------------------------------------------------

--
-- Table structure for table `inventaris`
--

CREATE TABLE `inventaris` (
  `id_inventaris` int(11) NOT NULL,
  `nama_barang` varchar(30) NOT NULL,
  `kondisi` varchar(25) NOT NULL,
  `keterangan_barang` text NOT NULL,
  `jumlah` float NOT NULL,
  `id_jenis` int(11) NOT NULL,
  `tanggal_register` timestamp NOT NULL DEFAULT CURRENT_TIMESTAMP ON UPDATE CURRENT_TIMESTAMP,
  `id_ruang` int(11) NOT NULL,
  `kode_inventaris` varchar(10) NOT NULL,
  `id_petugas` int(11) NOT NULL,
  `status_hapus_i` enum('1','0') NOT NULL
) ENGINE=InnoDB DEFAULT CHARSET=latin1;

--
-- Dumping data for table `inventaris`
--

INSERT INTO `inventaris` (`id_inventaris`, `nama_barang`, `kondisi`, `keterangan_barang`, `jumlah`, `id_jenis`, `tanggal_register`, `id_ruang`, `kode_inventaris`, `id_petugas`, `status_hapus_i`) VALUES
(2, 'Mouse', 'Baru', 'Sony', 108, 1, '2019-04-04 05:56:46', 1, 'IVTR0001', 1, '1'),
(3, 'Kamera', 'Baru', 'Canon', 108, 1, '2019-04-07 06:58:43', 1, 'IVTR0002', 1, '1'),
(4, 'Laptop', 'Lama', 'Lenovo', 148, 1, '2019-04-07 07:05:26', 2, 'IVTR0003', 1, '1'),
(5, 'Speaker', 'Baru', 'Acer', 100, 1, '2019-04-04 06:03:55', 2, 'IVTR0004', 1, '1'),
(6, 'Bola Basket', 'Baru', 'B', 70, 2, '2019-04-04 06:04:43', 1, 'IVTR0005', 2, '1'),
(7, 'Bola Voli', 'Baru', 'w', 40, 2, '2019-04-04 14:17:36', 1, 'IVTR0006', 1, '0');

-- --------------------------------------------------------

--
-- Table structure for table `jenis`
--

CREATE TABLE `jenis` (
  `id_jenis` int(11) NOT NULL,
  `nama_jenis` varchar(50) NOT NULL,
  `kode_jenis` varchar(10) NOT NULL,
  `keterangan_jenis` text NOT NULL,
  `status_hapus` enum('1','0') NOT NULL
) ENGINE=InnoDB DEFAULT CHARSET=latin1;

--
-- Dumping data for table `jenis`
--

INSERT INTO `jenis` (`id_jenis`, `nama_jenis`, `kode_jenis`, `keterangan_jenis`, `status_hapus`) VALUES
(1, 'Elektronik', 'JNBG0001', 'Kom', '1'),
(2, 'Alat Olahraga', 'JNBG0002', '-', '1'),
(3, 'Kayu', 'JNBG0003', 'Tersedia', '0');

-- --------------------------------------------------------

--
-- Table structure for table `level`
--

CREATE TABLE `level` (
  `id_level` int(11) NOT NULL,
  `nama_level` varchar(15) NOT NULL,
  `status_hapus` enum('1','0') NOT NULL
) ENGINE=InnoDB DEFAULT CHARSET=latin1;

--
-- Dumping data for table `level`
--

INSERT INTO `level` (`id_level`, `nama_level`, `status_hapus`) VALUES
(1, 'Administrator', '1'),
(2, 'Operator', '1'),
(3, 'Peminjam', '1'),
(4, 'Admin', '0');

-- --------------------------------------------------------

--
-- Table structure for table `pegawai`
--

CREATE TABLE `pegawai` (
  `id_pegawai` int(11) NOT NULL,
  `nama_pegawai` varchar(30) NOT NULL,
  `nip` int(20) NOT NULL,
  `alamat` text NOT NULL,
  `jk` varchar(10) NOT NULL,
  `status` enum('Aktif','Tidak Aktif') NOT NULL,
  `status_hapus` enum('1','0') NOT NULL
) ENGINE=InnoDB DEFAULT CHARSET=latin1;

--
-- Dumping data for table `pegawai`
--

INSERT INTO `pegawai` (`id_pegawai`, `nama_pegawai`, `nip`, `alamat`, `jk`, `status`, `status_hapus`) VALUES
(1, 'Sani Lestari', 1234567890, 'Selahuni rt.03/rw.06', 'Perempuan', 'Aktif', '1'),
(2, 'Riskyawati', 1234567891, 'Gunung Batu', 'Perempuan', 'Aktif', '1'),
(3, 'Finka Aprilia', 1234567892, 'Pasir Kuda', 'Perempuan', 'Aktif', '1'),
(5, 'Resky Saepudin', 2147483647, 'Cibereum', 'Laki-Laki', 'Aktif', '1'),
(6, 'selgi', 2147483647, 'ciomas', 'Perempuan', 'Tidak Aktif', '1'),
(8, 'Putri Nadia', 1234567893, 'Pintu Ledeng', 'Perempuan', 'Aktif', '0'),
(9, 'Mulyanah', 1234567894, 'Ciherang', 'Perempuan', 'Aktif', '1'),
(10, 'Wahyudin', 1234567895, 'SBJ', 'Laki-Laki', 'Aktif', '1');

-- --------------------------------------------------------

--
-- Table structure for table `peminjaman`
--

CREATE TABLE `peminjaman` (
  `id_peminjaman` int(11) NOT NULL,
  `tanggal_pinjam` datetime NOT NULL,
  `tanggal_kembali` datetime NOT NULL,
  `status_peminjaman` enum('Dipinjam','Dikembalikan') NOT NULL,
  `id_pegawai` int(11) NOT NULL,
  `kode_peminjaman` varchar(10) NOT NULL
) ENGINE=InnoDB DEFAULT CHARSET=latin1;

--
-- Dumping data for table `peminjaman`
--

INSERT INTO `peminjaman` (`id_peminjaman`, `tanggal_pinjam`, `tanggal_kembali`, `status_peminjaman`, `id_pegawai`, `kode_peminjaman`) VALUES
(1, '2019-03-31 12:55:59', '2019-04-04 12:56:46', 'Dikembalikan', 2, 'PMJM0001'),
(2, '2019-04-04 12:56:16', '0000-00-00 00:00:00', 'Dipinjam', 3, 'PMJM0002'),
(3, '2019-04-04 12:56:32', '2019-04-05 14:39:10', 'Dikembalikan', 5, 'PMJM0003'),
(5, '2019-04-07 13:58:43', '0000-00-00 00:00:00', 'Dipinjam', 3, 'PMJM0004'),
(6, '2019-04-07 14:05:26', '0000-00-00 00:00:00', 'Dipinjam', 9, 'PMJM0005');

-- --------------------------------------------------------

--
-- Table structure for table `petugas`
--

CREATE TABLE `petugas` (
  `id_petugas` int(11) NOT NULL,
  `username` varchar(20) NOT NULL,
  `password` varchar(15) NOT NULL,
  `nama_petugas` varchar(30) NOT NULL,
  `id_level` int(11) NOT NULL,
  `email` varchar(40) NOT NULL,
  `status_hapus_p` enum('1','0') NOT NULL
) ENGINE=InnoDB DEFAULT CHARSET=latin1;

--
-- Dumping data for table `petugas`
--

INSERT INTO `petugas` (`id_petugas`, `username`, `password`, `nama_petugas`, `id_level`, `email`, `status_hapus_p`) VALUES
(1, 'lestari', '12345', 'Sani Lestari', 1, 'sanilestari1717@gmail.com', '1'),
(2, 'kiki', '12345', 'Riskyawati', 2, 'riskyawati2020@gmail.com', '1'),
(3, 'finkaaprl', '12345', 'Finka Aprilia', 3, 'finka@gmail.com', '1'),
(8, 'putri', '827ccb0eea8a706', 'Putri Nadia', 3, 'ptrnd09@gmail.com', '0'),
(11, 'mul1234', '12345', 'Mulyanah', 3, 'mulyanahsrc@gmail.com', '1');

-- --------------------------------------------------------

--
-- Table structure for table `ruang`
--

CREATE TABLE `ruang` (
  `id_ruang` int(11) NOT NULL,
  `nama_ruang` varchar(50) NOT NULL,
  `kode_ruang` varchar(10) NOT NULL,
  `keterangan_ruang` text NOT NULL,
  `status_hapus` enum('1','0') NOT NULL
) ENGINE=InnoDB DEFAULT CHARSET=latin1;

--
-- Dumping data for table `ruang`
--

INSERT INTO `ruang` (`id_ruang`, `nama_ruang`, `kode_ruang`, `keterangan_ruang`, `status_hapus`) VALUES
(1, 'Kresna Wijaya', 'RPBG0001', 'Tersedia', '1'),
(2, 'Lab RPL', 'RPBG0002', 'Alat', '1'),
(3, 'Lab Bahasa', 'RPBG0003', 'Alat', '1'),
(4, 'nbnbn', 'RPBG0004', 'bvb', '0');

--
-- Indexes for dumped tables
--

--
-- Indexes for table `detail_pinjam`
--
ALTER TABLE `detail_pinjam`
  ADD PRIMARY KEY (`id_detail_pinjam`);

--
-- Indexes for table `home`
--
ALTER TABLE `home`
  ADD PRIMARY KEY (`id_home`);

--
-- Indexes for table `inventaris`
--
ALTER TABLE `inventaris`
  ADD PRIMARY KEY (`id_inventaris`),
  ADD KEY `id_jenis` (`id_jenis`),
  ADD KEY `id_ruang` (`id_ruang`),
  ADD KEY `id_petugas` (`id_petugas`);

--
-- Indexes for table `jenis`
--
ALTER TABLE `jenis`
  ADD PRIMARY KEY (`id_jenis`);

--
-- Indexes for table `level`
--
ALTER TABLE `level`
  ADD PRIMARY KEY (`id_level`);

--
-- Indexes for table `pegawai`
--
ALTER TABLE `pegawai`
  ADD PRIMARY KEY (`id_pegawai`);

--
-- Indexes for table `peminjaman`
--
ALTER TABLE `peminjaman`
  ADD PRIMARY KEY (`id_peminjaman`),
  ADD KEY `id_pegawai` (`id_pegawai`);

--
-- Indexes for table `petugas`
--
ALTER TABLE `petugas`
  ADD PRIMARY KEY (`id_petugas`),
  ADD KEY `id_level` (`id_level`);

--
-- Indexes for table `ruang`
--
ALTER TABLE `ruang`
  ADD PRIMARY KEY (`id_ruang`);

--
-- AUTO_INCREMENT for dumped tables
--

--
-- AUTO_INCREMENT for table `detail_pinjam`
--
ALTER TABLE `detail_pinjam`
  MODIFY `id_detail_pinjam` int(11) NOT NULL AUTO_INCREMENT, AUTO_INCREMENT=6;
--
-- AUTO_INCREMENT for table `inventaris`
--
ALTER TABLE `inventaris`
  MODIFY `id_inventaris` int(11) NOT NULL AUTO_INCREMENT, AUTO_INCREMENT=8;
--
-- AUTO_INCREMENT for table `jenis`
--
ALTER TABLE `jenis`
  MODIFY `id_jenis` int(11) NOT NULL AUTO_INCREMENT, AUTO_INCREMENT=4;
--
-- AUTO_INCREMENT for table `level`
--
ALTER TABLE `level`
  MODIFY `id_level` int(11) NOT NULL AUTO_INCREMENT, AUTO_INCREMENT=5;
--
-- AUTO_INCREMENT for table `pegawai`
--
ALTER TABLE `pegawai`
  MODIFY `id_pegawai` int(11) NOT NULL AUTO_INCREMENT, AUTO_INCREMENT=11;
--
-- AUTO_INCREMENT for table `peminjaman`
--
ALTER TABLE `peminjaman`
  MODIFY `id_peminjaman` int(11) NOT NULL AUTO_INCREMENT, AUTO_INCREMENT=7;
--
-- AUTO_INCREMENT for table `petugas`
--
ALTER TABLE `petugas`
  MODIFY `id_petugas` int(11) NOT NULL AUTO_INCREMENT, AUTO_INCREMENT=12;
--
-- AUTO_INCREMENT for table `ruang`
--
ALTER TABLE `ruang`
  MODIFY `id_ruang` int(11) NOT NULL AUTO_INCREMENT, AUTO_INCREMENT=5;
--
-- Constraints for dumped tables
--

--
-- Constraints for table `inventaris`
--
ALTER TABLE `inventaris`
  ADD CONSTRAINT `inventaris_ibfk_1` FOREIGN KEY (`id_jenis`) REFERENCES `jenis` (`id_jenis`) ON UPDATE CASCADE,
  ADD CONSTRAINT `inventaris_ibfk_2` FOREIGN KEY (`id_ruang`) REFERENCES `ruang` (`id_ruang`) ON UPDATE CASCADE,
  ADD CONSTRAINT `inventaris_ibfk_3` FOREIGN KEY (`id_petugas`) REFERENCES `petugas` (`id_petugas`) ON UPDATE CASCADE;

--
-- Constraints for table `peminjaman`
--
ALTER TABLE `peminjaman`
  ADD CONSTRAINT `peminjaman_ibfk_1` FOREIGN KEY (`id_pegawai`) REFERENCES `pegawai` (`id_pegawai`) ON UPDATE CASCADE;

--
-- Constraints for table `petugas`
--
ALTER TABLE `petugas`
  ADD CONSTRAINT `petugas_ibfk_1` FOREIGN KEY (`id_level`) REFERENCES `level` (`id_level`) ON UPDATE CASCADE;

/*!40101 SET CHARACTER_SET_CLIENT=@OLD_CHARACTER_SET_CLIENT */;
/*!40101 SET CHARACTER_SET_RESULTS=@OLD_CHARACTER_SET_RESULTS */;
/*!40101 SET COLLATION_CONNECTION=@OLD_COLLATION_CONNECTION */;
